--------------------------------------------------------
--  파일이 생성됨 - 목요일-3월-26-2020   
--------------------------------------------------------
--------------------------------------------------------
--  DDL for Sequence BOARD_SEQ
--------------------------------------------------------

   CREATE SEQUENCE  "RIDINGHAN"."BOARD_SEQ"  MINVALUE 1 MAXVALUE 99999 INCREMENT BY 1 START WITH 105 NOCACHE  ORDER  CYCLE ;
--------------------------------------------------------
--  DDL for Sequence CAMPAIGN_SEQ
--------------------------------------------------------

   CREATE SEQUENCE  "RIDINGHAN"."CAMPAIGN_SEQ"  MINVALUE 1 MAXVALUE 99999 INCREMENT BY 1 START WITH 1 NOCACHE  ORDER  CYCLE ;
--------------------------------------------------------
--  DDL for Sequence CHAT_MEMBER_SEQ
--------------------------------------------------------

   CREATE SEQUENCE  "RIDINGHAN"."CHAT_MEMBER_SEQ"  MINVALUE 1 MAXVALUE 9999999999999999999999999999 INCREMENT BY 1 START WITH 100 NOCACHE  NOORDER  NOCYCLE ;
--------------------------------------------------------
--  DDL for Sequence CHAT_SEQ
--------------------------------------------------------

   CREATE SEQUENCE  "RIDINGHAN"."CHAT_SEQ"  MINVALUE 1 MAXVALUE 9999999999999999999999999999 INCREMENT BY 1 START WITH 163 NOCACHE  NOORDER  NOCYCLE ;
--------------------------------------------------------
--  DDL for Sequence DIRECTION_SEQ
--------------------------------------------------------

   CREATE SEQUENCE  "RIDINGHAN"."DIRECTION_SEQ"  MINVALUE 1 MAXVALUE 99999 INCREMENT BY 1 START WITH 31 NOCACHE  ORDER  CYCLE ;
--------------------------------------------------------
--  DDL for Sequence MEMBER_SEQ
--------------------------------------------------------

   CREATE SEQUENCE  "RIDINGHAN"."MEMBER_SEQ"  MINVALUE 1 MAXVALUE 99999 INCREMENT BY 1 START WITH 9 NOCACHE  ORDER  CYCLE ;
--------------------------------------------------------
--  DDL for Sequence PLACE_SEQ
--------------------------------------------------------

   CREATE SEQUENCE  "RIDINGHAN"."PLACE_SEQ"  MINVALUE 1 MAXVALUE 99999 INCREMENT BY 1 START WITH 143 NOCACHE  ORDER  CYCLE ;
--------------------------------------------------------
--  DDL for Sequence PLAN_CODE_SEQ
--------------------------------------------------------

   CREATE SEQUENCE  "RIDINGHAN"."PLAN_CODE_SEQ"  MINVALUE 1 MAXVALUE 9999999999999999999999999999 INCREMENT BY 1 START WITH 13 NOCACHE  NOORDER  NOCYCLE ;
--------------------------------------------------------
--  DDL for Sequence PLAN_INFO_SEQ
--------------------------------------------------------

   CREATE SEQUENCE  "RIDINGHAN"."PLAN_INFO_SEQ"  MINVALUE 1 MAXVALUE 9999999999999999999999999999 INCREMENT BY 1 START WITH 17 NOCACHE  NOORDER  NOCYCLE ;
--------------------------------------------------------
--  DDL for Sequence PLAN_MEMBER_SEQ
--------------------------------------------------------

   CREATE SEQUENCE  "RIDINGHAN"."PLAN_MEMBER_SEQ"  MINVALUE 1 MAXVALUE 99999 INCREMENT BY 1 START WITH 2 NOCACHE  ORDER  CYCLE ;
--------------------------------------------------------
--  DDL for Sequence PLAN_SEQ
--------------------------------------------------------

   CREATE SEQUENCE  "RIDINGHAN"."PLAN_SEQ"  MINVALUE 1 MAXVALUE 99999 INCREMENT BY 1 START WITH 29 NOCACHE  ORDER  CYCLE ;
--------------------------------------------------------
--  DDL for Sequence REPLY_SEQ
--------------------------------------------------------

   CREATE SEQUENCE  "RIDINGHAN"."REPLY_SEQ"  MINVALUE 1 MAXVALUE 9999999999999999999999999999 INCREMENT BY 1 START WITH 35 NOCACHE  NOORDER  NOCYCLE ;
--------------------------------------------------------
--  DDL for Sequence SAVED_PLACE_SEQ
--------------------------------------------------------

   CREATE SEQUENCE  "RIDINGHAN"."SAVED_PLACE_SEQ"  MINVALUE 1 MAXVALUE 99999 INCREMENT BY 1 START WITH 2 NOCACHE  ORDER  CYCLE ;
--------------------------------------------------------
--  DDL for Table BOARD
--------------------------------------------------------

  CREATE TABLE "RIDINGHAN"."BOARD" 
   (	"BOARD_IDX" NUMBER, 
	"BOARD_TITLE" VARCHAR2(100 BYTE), 
	"BOARD_USER_NO" NUMBER, 
	"BOARD_PWD" VARCHAR2(30 BYTE), 
	"BOARD_CONTENT" VARCHAR2(2000 BYTE), 
	"BOARD_WDATE" DATE, 
	"USER_ID" VARCHAR2(30 BYTE), 
	"ORIGINFILENAME" VARCHAR2(100 BYTE), 
	"FILENAME" VARCHAR2(100 BYTE), 
	"FILESIZE" NUMBER, 
	"REFER" NUMBER, 
	"LEV" NUMBER, 
	"SUNBUN" NUMBER, 
	"USER_NICK" VARCHAR2(30 BYTE), 
	"READNUM" NUMBER(30,0)
   ) SEGMENT CREATION IMMEDIATE 
  PCTFREE 10 PCTUSED 40 INITRANS 1 MAXTRANS 255 NOCOMPRESS LOGGING
  STORAGE(INITIAL 65536 NEXT 1048576 MINEXTENTS 1 MAXEXTENTS 2147483645
  PCTINCREASE 0 FREELISTS 1 FREELIST GROUPS 1 BUFFER_POOL DEFAULT FLASH_CACHE DEFAULT CELL_FLASH_CACHE DEFAULT)
  TABLESPACE "SYSTEM" ;
--------------------------------------------------------
--  DDL for Table CAMPAIGN
--------------------------------------------------------

  CREATE TABLE "RIDINGHAN"."CAMPAIGN" 
   (	"CAMPAIGN_NO" NUMBER, 
	"CAMPAIGN_IMAGE" VARCHAR2(20 BYTE), 
	"CAMPAIGN_URL" VARCHAR2(500 BYTE), 
	"CAMPAIGN_START_DATE" VARCHAR2(15 BYTE), 
	"CAMPAIGN_FINISH_DATE" VARCHAR2(15 BYTE), 
	"CAMPAIGN_WDATE" DATE
   ) SEGMENT CREATION IMMEDIATE 
  PCTFREE 10 PCTUSED 40 INITRANS 1 MAXTRANS 255 NOCOMPRESS LOGGING
  STORAGE(INITIAL 65536 NEXT 1048576 MINEXTENTS 1 MAXEXTENTS 2147483645
  PCTINCREASE 0 FREELISTS 1 FREELIST GROUPS 1 BUFFER_POOL DEFAULT FLASH_CACHE DEFAULT CELL_FLASH_CACHE DEFAULT)
  TABLESPACE "SYSTEM" ;
--------------------------------------------------------
--  DDL for Table CHAT
--------------------------------------------------------

  CREATE TABLE "RIDINGHAN"."CHAT" 
   (	"CHAT_NO" NUMBER, 
	"CHAT_TITLE" VARCHAR2(100 BYTE), 
	"CHAT_TEXT" VARCHAR2(500 BYTE), 
	"CHAT_WTIME" DATE, 
	"CHAT_IMG" VARCHAR2(100 BYTE), 
	"CHAT_USER_NO" NUMBER, 
	"ROOM_CODE" VARCHAR2(40 BYTE), 
	"CHAT_INFO" VARCHAR2(300 BYTE)
   ) SEGMENT CREATION IMMEDIATE 
  PCTFREE 10 PCTUSED 40 INITRANS 1 MAXTRANS 255 NOCOMPRESS LOGGING
  STORAGE(INITIAL 65536 NEXT 1048576 MINEXTENTS 1 MAXEXTENTS 2147483645
  PCTINCREASE 0 FREELISTS 1 FREELIST GROUPS 1 BUFFER_POOL DEFAULT FLASH_CACHE DEFAULT CELL_FLASH_CACHE DEFAULT)
  TABLESPACE "SYSTEM" ;
--------------------------------------------------------
--  DDL for Table CHAT_MEMBER
--------------------------------------------------------

  CREATE TABLE "RIDINGHAN"."CHAT_MEMBER" 
   (	"CHAT_MEMBER_NO" NUMBER, 
	"ROOM_CODE" VARCHAR2(30 BYTE), 
	"USER_NO" NUMBER, 
	"CHAT_JTIME" DATE, 
	"PLAN_NO" NUMBER
   ) SEGMENT CREATION IMMEDIATE 
  PCTFREE 10 PCTUSED 40 INITRANS 1 MAXTRANS 255 NOCOMPRESS LOGGING
  STORAGE(INITIAL 65536 NEXT 1048576 MINEXTENTS 1 MAXEXTENTS 2147483645
  PCTINCREASE 0 FREELISTS 1 FREELIST GROUPS 1 BUFFER_POOL DEFAULT FLASH_CACHE DEFAULT CELL_FLASH_CACHE DEFAULT)
  TABLESPACE "SYSTEM" ;
--------------------------------------------------------
--  DDL for Table DIRECTION
--------------------------------------------------------

  CREATE TABLE "RIDINGHAN"."DIRECTION" 
   (	"DIRECTION_NO" NUMBER(*,0), 
	"TITLE" VARCHAR2(100 BYTE), 
	"PLACE_FROM" NUMBER(*,0), 
	"PLACE_TO" NUMBER(*,0), 
	"DISTANCE" NUMBER, 
	"GPXFILE" VARCHAR2(100 BYTE), 
	"D_USER_NO" NUMBER
   ) SEGMENT CREATION IMMEDIATE 
  PCTFREE 10 PCTUSED 40 INITRANS 1 MAXTRANS 255 NOCOMPRESS LOGGING
  STORAGE(INITIAL 65536 NEXT 1048576 MINEXTENTS 1 MAXEXTENTS 2147483645
  PCTINCREASE 0 FREELISTS 1 FREELIST GROUPS 1 BUFFER_POOL DEFAULT FLASH_CACHE DEFAULT CELL_FLASH_CACHE DEFAULT)
  TABLESPACE "SYSTEM" ;
--------------------------------------------------------
--  DDL for Table MEMBER
--------------------------------------------------------

  CREATE TABLE "RIDINGHAN"."MEMBER" 
   (	"USER_NO" NUMBER, 
	"USER_ID" VARCHAR2(40 BYTE), 
	"PWD" VARCHAR2(20 BYTE), 
	"USER_NAME" VARCHAR2(20 BYTE), 
	"NICKNAME" VARCHAR2(20 BYTE), 
	"STATE" NUMBER, 
	"JOINDATE" DATE, 
	"USER_IMG" VARCHAR2(50 BYTE)
   ) SEGMENT CREATION IMMEDIATE 
  PCTFREE 10 PCTUSED 40 INITRANS 1 MAXTRANS 255 NOCOMPRESS LOGGING
  STORAGE(INITIAL 65536 NEXT 1048576 MINEXTENTS 1 MAXEXTENTS 2147483645
  PCTINCREASE 0 FREELISTS 1 FREELIST GROUPS 1 BUFFER_POOL DEFAULT FLASH_CACHE DEFAULT CELL_FLASH_CACHE DEFAULT)
  TABLESPACE "SYSTEM" ;
--------------------------------------------------------
--  DDL for Table PLACE
--------------------------------------------------------

  CREATE TABLE "RIDINGHAN"."PLACE" 
   (	"PLACE_NO" NUMBER, 
	"TITLE" VARCHAR2(100 BYTE), 
	"LATITUDE" NUMBER, 
	"LONGITUDE" NUMBER, 
	"ROAD_ADDRESS" VARCHAR2(200 BYTE), 
	"JIBUN_ADDRESS" VARCHAR2(200 BYTE), 
	"P_USER_NO" NUMBER
   ) SEGMENT CREATION IMMEDIATE 
  PCTFREE 10 PCTUSED 40 INITRANS 1 MAXTRANS 255 NOCOMPRESS LOGGING
  STORAGE(INITIAL 65536 NEXT 1048576 MINEXTENTS 1 MAXEXTENTS 2147483645
  PCTINCREASE 0 FREELISTS 1 FREELIST GROUPS 1 BUFFER_POOL DEFAULT FLASH_CACHE DEFAULT CELL_FLASH_CACHE DEFAULT)
  TABLESPACE "SYSTEM" ;
--------------------------------------------------------
--  DDL for Table PLAN
--------------------------------------------------------

  CREATE TABLE "RIDINGHAN"."PLAN" 
   (	"PLAN_NO" NUMBER, 
	"USER_NO" NUMBER, 
	"PLAN_TITLE" VARCHAR2(100 BYTE), 
	"PLAN_ABOUT" VARCHAR2(100 BYTE), 
	"PLACE_NO" NUMBER, 
	"DIRECTION_NO" NUMBER, 
	"PLAN_WDATE" DATE, 
	"PLAN_CODE" NUMBER
   ) SEGMENT CREATION IMMEDIATE 
  PCTFREE 10 PCTUSED 40 INITRANS 1 MAXTRANS 255 NOCOMPRESS LOGGING
  STORAGE(INITIAL 65536 NEXT 1048576 MINEXTENTS 1 MAXEXTENTS 2147483645
  PCTINCREASE 0 FREELISTS 1 FREELIST GROUPS 1 BUFFER_POOL DEFAULT FLASH_CACHE DEFAULT CELL_FLASH_CACHE DEFAULT)
  TABLESPACE "SYSTEM" ;
--------------------------------------------------------
--  DDL for Table PLAN_INFO
--------------------------------------------------------

  CREATE TABLE "RIDINGHAN"."PLAN_INFO" 
   (	"PLAN_INFO_NO" NUMBER, 
	"PLAN_CODE" NUMBER, 
	"USER_NO" NUMBER, 
	"PLAN_JOIN" DATE, 
	"PLAN_QUIT" DATE
   ) SEGMENT CREATION IMMEDIATE 
  PCTFREE 10 PCTUSED 40 INITRANS 1 MAXTRANS 255 NOCOMPRESS LOGGING
  STORAGE(INITIAL 65536 NEXT 1048576 MINEXTENTS 1 MAXEXTENTS 2147483645
  PCTINCREASE 0 FREELISTS 1 FREELIST GROUPS 1 BUFFER_POOL DEFAULT FLASH_CACHE DEFAULT CELL_FLASH_CACHE DEFAULT)
  TABLESPACE "SYSTEM" ;
--------------------------------------------------------
--  DDL for Table REPLY
--------------------------------------------------------

  CREATE TABLE "RIDINGHAN"."REPLY" 
   (	"REPLY_IDX" NUMBER(20,0), 
	"REPLY_CONTENT" VARCHAR2(1000 BYTE), 
	"REPLY_WNAME" VARCHAR2(100 BYTE), 
	"WDATE" DATE, 
	"BOARD_IDX_FK" NUMBER(10,0), 
	"REPLY_ID" VARCHAR2(100 BYTE)
   ) SEGMENT CREATION IMMEDIATE 
  PCTFREE 10 PCTUSED 40 INITRANS 1 MAXTRANS 255 NOCOMPRESS LOGGING
  STORAGE(INITIAL 65536 NEXT 1048576 MINEXTENTS 1 MAXEXTENTS 2147483645
  PCTINCREASE 0 FREELISTS 1 FREELIST GROUPS 1 BUFFER_POOL DEFAULT FLASH_CACHE DEFAULT CELL_FLASH_CACHE DEFAULT)
  TABLESPACE "SYSTEM" ;
--------------------------------------------------------
--  DDL for View DIRECTIONVIEW
--------------------------------------------------------

  CREATE OR REPLACE FORCE VIEW "RIDINGHAN"."DIRECTIONVIEW" ("DIRECTION_NO", "TITLE", "PLACE_FROM", "FROM_TITLE", "PLACE_TO", "TO_TITLE", "DISTANCE", "GPXFILE") AS 
  select direction_no, d.title, place_from,
   (select p.title from direction d, place p where d.place_from=p.place_no) from_title, place_to,
   (select p.title from direction d, place p where d.place_to=p.place_no) to_title, distance, gpxfile
   from direction d, place p;
REM INSERTING into RIDINGHAN.BOARD
SET DEFINE OFF;
Insert into RIDINGHAN.BOARD (BOARD_IDX,BOARD_TITLE,BOARD_USER_NO,BOARD_PWD,BOARD_CONTENT,BOARD_WDATE,USER_ID,ORIGINFILENAME,FILENAME,FILESIZE,REFER,LEV,SUNBUN,USER_NICK,READNUM) values (61,'라이딩 의류 브랜드 추천좀해주세요!!',3,'1234','라이딩 의류 브랜드 추천좀해주세요!!',to_date('20/03/20','RR/MM/DD'),'ymj0730@naver.com',null,null,0,0,0,0,'먼지야',8);
Insert into RIDINGHAN.BOARD (BOARD_IDX,BOARD_TITLE,BOARD_USER_NO,BOARD_PWD,BOARD_CONTENT,BOARD_WDATE,USER_ID,ORIGINFILENAME,FILENAME,FILESIZE,REFER,LEV,SUNBUN,USER_NICK,READNUM) values (55,'실수로 채팅방을 나갔어요...',5,'1234','정말 좋은사람들이었는데 말이죠ㅠㅠ',to_date('20/03/20','RR/MM/DD'),'thsalsghqkqh@gmail.com','ryan6.JPG','33bd156f-2fe4-4669-8ada-0a06c3a29770_ryan6.JPG',11390,0,0,0,'미노미노',36);
Insert into RIDINGHAN.BOARD (BOARD_IDX,BOARD_TITLE,BOARD_USER_NO,BOARD_PWD,BOARD_CONTENT,BOARD_WDATE,USER_ID,ORIGINFILENAME,FILENAME,FILESIZE,REFER,LEV,SUNBUN,USER_NICK,READNUM) values (57,'질문있습니다.',6,'1234','15세미만 아동도 이용 가능한가요 ?',to_date('20/03/20','RR/MM/DD'),'test@gmail.com','ryan3.JPG','a2d1725c-0770-493f-ac1d-883830b0168b_ryan3.JPG',11228,0,0,0,'김범희',26);
Insert into RIDINGHAN.BOARD (BOARD_IDX,BOARD_TITLE,BOARD_USER_NO,BOARD_PWD,BOARD_CONTENT,BOARD_WDATE,USER_ID,ORIGINFILENAME,FILENAME,FILESIZE,REFER,LEV,SUNBUN,USER_NICK,READNUM) values (58,'질문드릴께요!!!!! 답변부탁드려요!!',7,'1234','안녕하세요~',to_date('20/03/20','RR/MM/DD'),'test1@gmail.com','love.jpg','fcf80e7b-8e7e-4ca1-b2f0-6aa734fd1c29_love.jpg',12709,0,0,0,'황정원',41);
Insert into RIDINGHAN.BOARD (BOARD_IDX,BOARD_TITLE,BOARD_USER_NO,BOARD_PWD,BOARD_CONTENT,BOARD_WDATE,USER_ID,ORIGINFILENAME,FILENAME,FILESIZE,REFER,LEV,SUNBUN,USER_NICK,READNUM) values (59,'아이디를 까먹었어요...ㅠㅠ',1,'1234','궁금해욥',to_date('20/03/20','RR/MM/DD'),'yms318@naver.com',null,null,0,0,0,0,'쇼니룽',9);
Insert into RIDINGHAN.BOARD (BOARD_IDX,BOARD_TITLE,BOARD_USER_NO,BOARD_PWD,BOARD_CONTENT,BOARD_WDATE,USER_ID,ORIGINFILENAME,FILENAME,FILESIZE,REFER,LEV,SUNBUN,USER_NICK,READNUM) values (60,'혹시 자전거 구매사이트 추천가능한가요 ?',2,'1234','혹시 자전거 구매사이트 추천가능한가요 ?',to_date('20/03/20','RR/MM/DD'),'umsunny03@gmail.com',null,null,0,0,0,0,'달려라두강',5);
Insert into RIDINGHAN.BOARD (BOARD_IDX,BOARD_TITLE,BOARD_USER_NO,BOARD_PWD,BOARD_CONTENT,BOARD_WDATE,USER_ID,ORIGINFILENAME,FILENAME,FILESIZE,REFER,LEV,SUNBUN,USER_NICK,READNUM) values (62,'비오는날 라이딩 위험한가요 ?',4,'1234','비오는날 라이딩 위험한가요 ?',to_date('20/03/20','RR/MM/DD'),'mbc369@hanmail.net',null,null,0,0,0,0,'새신랑',8);
Insert into RIDINGHAN.BOARD (BOARD_IDX,BOARD_TITLE,BOARD_USER_NO,BOARD_PWD,BOARD_CONTENT,BOARD_WDATE,USER_ID,ORIGINFILENAME,FILENAME,FILESIZE,REFER,LEV,SUNBUN,USER_NICK,READNUM) values (63,'제가 잘 몰라서그러는데요',4,'1234','제가 잘 몰라서그러는데요',to_date('20/03/20','RR/MM/DD'),'mbc369@hanmail.net',null,null,0,0,0,0,'새신랑',2);
Insert into RIDINGHAN.BOARD (BOARD_IDX,BOARD_TITLE,BOARD_USER_NO,BOARD_PWD,BOARD_CONTENT,BOARD_WDATE,USER_ID,ORIGINFILENAME,FILENAME,FILESIZE,REFER,LEV,SUNBUN,USER_NICK,READNUM) values (64,'너무 궁금해요..',4,'1234','제가 잘 몰라서그러는데요',to_date('20/03/20','RR/MM/DD'),'mbc369@hanmail.net',null,null,0,0,0,0,'새신랑',5);
Insert into RIDINGHAN.BOARD (BOARD_IDX,BOARD_TITLE,BOARD_USER_NO,BOARD_PWD,BOARD_CONTENT,BOARD_WDATE,USER_ID,ORIGINFILENAME,FILENAME,FILESIZE,REFER,LEV,SUNBUN,USER_NICK,READNUM) values (68,'오류 있는거 같아요',5,'1234','해결해주세요',to_date('20/03/20','RR/MM/DD'),'thsalsghqkqh@gmail.com',null,null,0,0,0,0,'미노미노',3);
Insert into RIDINGHAN.BOARD (BOARD_IDX,BOARD_TITLE,BOARD_USER_NO,BOARD_PWD,BOARD_CONTENT,BOARD_WDATE,USER_ID,ORIGINFILENAME,FILENAME,FILESIZE,REFER,LEV,SUNBUN,USER_NICK,READNUM) values (66,'질문합니다 ♥',5,'1234','1234',to_date('20/03/20','RR/MM/DD'),'thsalsghqkqh@gmail.com',null,null,0,0,0,0,'미노미노',14);
Insert into RIDINGHAN.BOARD (BOARD_IDX,BOARD_TITLE,BOARD_USER_NO,BOARD_PWD,BOARD_CONTENT,BOARD_WDATE,USER_ID,ORIGINFILENAME,FILENAME,FILESIZE,REFER,LEV,SUNBUN,USER_NICK,READNUM) values (67,'질문합니다★',5,'1234','질문합니다★',to_date('20/03/20','RR/MM/DD'),'thsalsghqkqh@gmail.com',null,null,0,0,0,0,'미노미노',17);
Insert into RIDINGHAN.BOARD (BOARD_IDX,BOARD_TITLE,BOARD_USER_NO,BOARD_PWD,BOARD_CONTENT,BOARD_WDATE,USER_ID,ORIGINFILENAME,FILENAME,FILESIZE,REFER,LEV,SUNBUN,USER_NICK,READNUM) values (72,'test',5,'1234','test',to_date('20/03/23','RR/MM/DD'),'thsalsghqkqh@gmail.com',null,null,0,0,0,0,'미노미노',0);
Insert into RIDINGHAN.BOARD (BOARD_IDX,BOARD_TITLE,BOARD_USER_NO,BOARD_PWD,BOARD_CONTENT,BOARD_WDATE,USER_ID,ORIGINFILENAME,FILENAME,FILESIZE,REFER,LEV,SUNBUN,USER_NICK,READNUM) values (70,'test',5,'1234','test',to_date('20/03/23','RR/MM/DD'),'thsalsghqkqh@gmail.com',null,null,0,0,0,0,'미노미노',0);
Insert into RIDINGHAN.BOARD (BOARD_IDX,BOARD_TITLE,BOARD_USER_NO,BOARD_PWD,BOARD_CONTENT,BOARD_WDATE,USER_ID,ORIGINFILENAME,FILENAME,FILESIZE,REFER,LEV,SUNBUN,USER_NICK,READNUM) values (71,'test',5,'1234','test',to_date('20/03/23','RR/MM/DD'),'thsalsghqkqh@gmail.com',null,null,0,0,0,0,'미노미노',0);
Insert into RIDINGHAN.BOARD (BOARD_IDX,BOARD_TITLE,BOARD_USER_NO,BOARD_PWD,BOARD_CONTENT,BOARD_WDATE,USER_ID,ORIGINFILENAME,FILENAME,FILESIZE,REFER,LEV,SUNBUN,USER_NICK,READNUM) values (73,'test',5,'1234','test',to_date('20/03/23','RR/MM/DD'),'thsalsghqkqh@gmail.com',null,null,0,0,0,0,'미노미노',0);
Insert into RIDINGHAN.BOARD (BOARD_IDX,BOARD_TITLE,BOARD_USER_NO,BOARD_PWD,BOARD_CONTENT,BOARD_WDATE,USER_ID,ORIGINFILENAME,FILENAME,FILESIZE,REFER,LEV,SUNBUN,USER_NICK,READNUM) values (74,'test',5,'1234','test',to_date('20/03/23','RR/MM/DD'),'thsalsghqkqh@gmail.com',null,null,0,0,0,0,'미노미노',0);
Insert into RIDINGHAN.BOARD (BOARD_IDX,BOARD_TITLE,BOARD_USER_NO,BOARD_PWD,BOARD_CONTENT,BOARD_WDATE,USER_ID,ORIGINFILENAME,FILENAME,FILESIZE,REFER,LEV,SUNBUN,USER_NICK,READNUM) values (75,'test',5,'1234','test',to_date('20/03/23','RR/MM/DD'),'thsalsghqkqh@gmail.com',null,null,0,0,0,0,'미노미노',0);
Insert into RIDINGHAN.BOARD (BOARD_IDX,BOARD_TITLE,BOARD_USER_NO,BOARD_PWD,BOARD_CONTENT,BOARD_WDATE,USER_ID,ORIGINFILENAME,FILENAME,FILESIZE,REFER,LEV,SUNBUN,USER_NICK,READNUM) values (76,'test',5,'1234','test',to_date('20/03/23','RR/MM/DD'),'thsalsghqkqh@gmail.com',null,null,0,0,0,0,'미노미노',0);
Insert into RIDINGHAN.BOARD (BOARD_IDX,BOARD_TITLE,BOARD_USER_NO,BOARD_PWD,BOARD_CONTENT,BOARD_WDATE,USER_ID,ORIGINFILENAME,FILENAME,FILESIZE,REFER,LEV,SUNBUN,USER_NICK,READNUM) values (77,'test',5,'1234','test',to_date('20/03/23','RR/MM/DD'),'thsalsghqkqh@gmail.com',null,null,0,0,0,0,'미노미노',0);
Insert into RIDINGHAN.BOARD (BOARD_IDX,BOARD_TITLE,BOARD_USER_NO,BOARD_PWD,BOARD_CONTENT,BOARD_WDATE,USER_ID,ORIGINFILENAME,FILENAME,FILESIZE,REFER,LEV,SUNBUN,USER_NICK,READNUM) values (78,'test',5,'1234','test',to_date('20/03/23','RR/MM/DD'),'thsalsghqkqh@gmail.com',null,null,0,0,0,0,'미노미노',0);
Insert into RIDINGHAN.BOARD (BOARD_IDX,BOARD_TITLE,BOARD_USER_NO,BOARD_PWD,BOARD_CONTENT,BOARD_WDATE,USER_ID,ORIGINFILENAME,FILENAME,FILESIZE,REFER,LEV,SUNBUN,USER_NICK,READNUM) values (79,'test',5,'1234','test',to_date('20/03/23','RR/MM/DD'),'thsalsghqkqh@gmail.com',null,null,0,0,0,0,'미노미노',0);
Insert into RIDINGHAN.BOARD (BOARD_IDX,BOARD_TITLE,BOARD_USER_NO,BOARD_PWD,BOARD_CONTENT,BOARD_WDATE,USER_ID,ORIGINFILENAME,FILENAME,FILESIZE,REFER,LEV,SUNBUN,USER_NICK,READNUM) values (80,'test',5,'1234','test',to_date('20/03/23','RR/MM/DD'),'thsalsghqkqh@gmail.com',null,null,0,0,0,0,'미노미노',0);
Insert into RIDINGHAN.BOARD (BOARD_IDX,BOARD_TITLE,BOARD_USER_NO,BOARD_PWD,BOARD_CONTENT,BOARD_WDATE,USER_ID,ORIGINFILENAME,FILENAME,FILESIZE,REFER,LEV,SUNBUN,USER_NICK,READNUM) values (81,'test',5,'1234','test',to_date('20/03/23','RR/MM/DD'),'thsalsghqkqh@gmail.com',null,null,0,0,0,0,'미노미노',0);
Insert into RIDINGHAN.BOARD (BOARD_IDX,BOARD_TITLE,BOARD_USER_NO,BOARD_PWD,BOARD_CONTENT,BOARD_WDATE,USER_ID,ORIGINFILENAME,FILENAME,FILESIZE,REFER,LEV,SUNBUN,USER_NICK,READNUM) values (82,'test',5,'1234','test',to_date('20/03/23','RR/MM/DD'),'thsalsghqkqh@gmail.com',null,null,0,0,0,0,'미노미노',0);
Insert into RIDINGHAN.BOARD (BOARD_IDX,BOARD_TITLE,BOARD_USER_NO,BOARD_PWD,BOARD_CONTENT,BOARD_WDATE,USER_ID,ORIGINFILENAME,FILENAME,FILESIZE,REFER,LEV,SUNBUN,USER_NICK,READNUM) values (83,'test',5,'1234','test',to_date('20/03/23','RR/MM/DD'),'thsalsghqkqh@gmail.com',null,null,0,0,0,0,'미노미노',0);
Insert into RIDINGHAN.BOARD (BOARD_IDX,BOARD_TITLE,BOARD_USER_NO,BOARD_PWD,BOARD_CONTENT,BOARD_WDATE,USER_ID,ORIGINFILENAME,FILENAME,FILESIZE,REFER,LEV,SUNBUN,USER_NICK,READNUM) values (84,'test',5,'1234','test',to_date('20/03/23','RR/MM/DD'),'thsalsghqkqh@gmail.com',null,null,0,0,0,0,'미노미노',0);
Insert into RIDINGHAN.BOARD (BOARD_IDX,BOARD_TITLE,BOARD_USER_NO,BOARD_PWD,BOARD_CONTENT,BOARD_WDATE,USER_ID,ORIGINFILENAME,FILENAME,FILESIZE,REFER,LEV,SUNBUN,USER_NICK,READNUM) values (85,'test',5,'1234','test',to_date('20/03/23','RR/MM/DD'),'thsalsghqkqh@gmail.com',null,null,0,0,0,0,'미노미노',0);
Insert into RIDINGHAN.BOARD (BOARD_IDX,BOARD_TITLE,BOARD_USER_NO,BOARD_PWD,BOARD_CONTENT,BOARD_WDATE,USER_ID,ORIGINFILENAME,FILENAME,FILESIZE,REFER,LEV,SUNBUN,USER_NICK,READNUM) values (86,'test',5,'1234','test',to_date('20/03/23','RR/MM/DD'),'thsalsghqkqh@gmail.com',null,null,0,0,0,0,'미노미노',0);
Insert into RIDINGHAN.BOARD (BOARD_IDX,BOARD_TITLE,BOARD_USER_NO,BOARD_PWD,BOARD_CONTENT,BOARD_WDATE,USER_ID,ORIGINFILENAME,FILENAME,FILESIZE,REFER,LEV,SUNBUN,USER_NICK,READNUM) values (87,'test',5,'1234','test',to_date('20/03/23','RR/MM/DD'),'thsalsghqkqh@gmail.com',null,null,0,0,0,0,'미노미노',0);
Insert into RIDINGHAN.BOARD (BOARD_IDX,BOARD_TITLE,BOARD_USER_NO,BOARD_PWD,BOARD_CONTENT,BOARD_WDATE,USER_ID,ORIGINFILENAME,FILENAME,FILESIZE,REFER,LEV,SUNBUN,USER_NICK,READNUM) values (88,'test',5,'1234','test',to_date('20/03/23','RR/MM/DD'),'thsalsghqkqh@gmail.com',null,null,0,0,0,0,'미노미노',0);
Insert into RIDINGHAN.BOARD (BOARD_IDX,BOARD_TITLE,BOARD_USER_NO,BOARD_PWD,BOARD_CONTENT,BOARD_WDATE,USER_ID,ORIGINFILENAME,FILENAME,FILESIZE,REFER,LEV,SUNBUN,USER_NICK,READNUM) values (89,'test',5,'1234','test',to_date('20/03/23','RR/MM/DD'),'thsalsghqkqh@gmail.com',null,null,0,0,0,0,'미노미노',0);
Insert into RIDINGHAN.BOARD (BOARD_IDX,BOARD_TITLE,BOARD_USER_NO,BOARD_PWD,BOARD_CONTENT,BOARD_WDATE,USER_ID,ORIGINFILENAME,FILENAME,FILESIZE,REFER,LEV,SUNBUN,USER_NICK,READNUM) values (90,'test',5,'1234','test',to_date('20/03/23','RR/MM/DD'),'thsalsghqkqh@gmail.com',null,null,0,0,0,0,'미노미노',0);
Insert into RIDINGHAN.BOARD (BOARD_IDX,BOARD_TITLE,BOARD_USER_NO,BOARD_PWD,BOARD_CONTENT,BOARD_WDATE,USER_ID,ORIGINFILENAME,FILENAME,FILESIZE,REFER,LEV,SUNBUN,USER_NICK,READNUM) values (91,'test',5,'1234','test',to_date('20/03/23','RR/MM/DD'),'thsalsghqkqh@gmail.com',null,null,0,0,0,0,'미노미노',0);
Insert into RIDINGHAN.BOARD (BOARD_IDX,BOARD_TITLE,BOARD_USER_NO,BOARD_PWD,BOARD_CONTENT,BOARD_WDATE,USER_ID,ORIGINFILENAME,FILENAME,FILESIZE,REFER,LEV,SUNBUN,USER_NICK,READNUM) values (92,'test',5,'1234','test',to_date('20/03/23','RR/MM/DD'),'thsalsghqkqh@gmail.com',null,null,0,0,0,0,'미노미노',0);
Insert into RIDINGHAN.BOARD (BOARD_IDX,BOARD_TITLE,BOARD_USER_NO,BOARD_PWD,BOARD_CONTENT,BOARD_WDATE,USER_ID,ORIGINFILENAME,FILENAME,FILESIZE,REFER,LEV,SUNBUN,USER_NICK,READNUM) values (93,'혹시 자전거 구매사이트 추천가능한가요 ?',5,'1234','혹시 자전거 구매사이트 추천가능한가요 ?',to_date('20/03/23','RR/MM/DD'),'thsalsghqkqh@gmail.com',null,null,0,0,0,0,'미노미노',1);
Insert into RIDINGHAN.BOARD (BOARD_IDX,BOARD_TITLE,BOARD_USER_NO,BOARD_PWD,BOARD_CONTENT,BOARD_WDATE,USER_ID,ORIGINFILENAME,FILENAME,FILESIZE,REFER,LEV,SUNBUN,USER_NICK,READNUM) values (94,'라이딩 의류 브랜드 추천좀해주세요!!',5,'1234','라이딩 의류 브랜드 추천좀해주세요!!',to_date('20/03/23','RR/MM/DD'),'thsalsghqkqh@gmail.com',null,null,0,0,0,0,'미노미노',0);
Insert into RIDINGHAN.BOARD (BOARD_IDX,BOARD_TITLE,BOARD_USER_NO,BOARD_PWD,BOARD_CONTENT,BOARD_WDATE,USER_ID,ORIGINFILENAME,FILENAME,FILESIZE,REFER,LEV,SUNBUN,USER_NICK,READNUM) values (95,'실수로 채팅방을 나갔어요...',5,'1234','실수로 채팅방을 나갔어요...',to_date('20/03/23','RR/MM/DD'),'thsalsghqkqh@gmail.com',null,null,0,0,0,0,'미노미노',15);
Insert into RIDINGHAN.BOARD (BOARD_IDX,BOARD_TITLE,BOARD_USER_NO,BOARD_PWD,BOARD_CONTENT,BOARD_WDATE,USER_ID,ORIGINFILENAME,FILENAME,FILESIZE,REFER,LEV,SUNBUN,USER_NICK,READNUM) values (96,'질문있어요',5,'1234','질문있어요',to_date('20/03/23','RR/MM/DD'),'thsalsghqkqh@gmail.com',null,null,0,0,0,0,'미노미노',0);
Insert into RIDINGHAN.BOARD (BOARD_IDX,BOARD_TITLE,BOARD_USER_NO,BOARD_PWD,BOARD_CONTENT,BOARD_WDATE,USER_ID,ORIGINFILENAME,FILENAME,FILESIZE,REFER,LEV,SUNBUN,USER_NICK,READNUM) values (97,'질문드릴게요!!!!! 답변부탁드려요!!',5,'1234','질문드릴게요!!!!! 답변부탁드려요!!',to_date('20/03/23','RR/MM/DD'),'thsalsghqkqh@gmail.com',null,null,0,0,0,0,'미노미노',1);
Insert into RIDINGHAN.BOARD (BOARD_IDX,BOARD_TITLE,BOARD_USER_NO,BOARD_PWD,BOARD_CONTENT,BOARD_WDATE,USER_ID,ORIGINFILENAME,FILENAME,FILESIZE,REFER,LEV,SUNBUN,USER_NICK,READNUM) values (98,'오류 있는거 같아요',5,'1234','오류 있는거 같아요',to_date('20/03/23','RR/MM/DD'),'thsalsghqkqh@gmail.com',null,null,0,0,0,0,'미노미노',2);
Insert into RIDINGHAN.BOARD (BOARD_IDX,BOARD_TITLE,BOARD_USER_NO,BOARD_PWD,BOARD_CONTENT,BOARD_WDATE,USER_ID,ORIGINFILENAME,FILENAME,FILESIZE,REFER,LEV,SUNBUN,USER_NICK,READNUM) values (99,'제가 잘 몰라서그러는데요',5,'1234','제가 잘 몰라서그러는데요',to_date('20/03/23','RR/MM/DD'),'thsalsghqkqh@gmail.com',null,null,0,0,0,0,'미노미노',10);
Insert into RIDINGHAN.BOARD (BOARD_IDX,BOARD_TITLE,BOARD_USER_NO,BOARD_PWD,BOARD_CONTENT,BOARD_WDATE,USER_ID,ORIGINFILENAME,FILENAME,FILESIZE,REFER,LEV,SUNBUN,USER_NICK,READNUM) values (100,'비오는날 라이딩 위험한가요 ?',5,'1234','비오는날 라이딩 위험한가요 ?',to_date('20/03/23','RR/MM/DD'),'thsalsghqkqh@gmail.com',null,null,0,0,0,0,'미노미노',0);
Insert into RIDINGHAN.BOARD (BOARD_IDX,BOARD_TITLE,BOARD_USER_NO,BOARD_PWD,BOARD_CONTENT,BOARD_WDATE,USER_ID,ORIGINFILENAME,FILENAME,FILESIZE,REFER,LEV,SUNBUN,USER_NICK,READNUM) values (101,'질문합니다 ♥',5,'1234','질문합니다 ♥',to_date('20/03/23','RR/MM/DD'),'thsalsghqkqh@gmail.com',null,null,0,0,0,0,'미노미노',1);
Insert into RIDINGHAN.BOARD (BOARD_IDX,BOARD_TITLE,BOARD_USER_NO,BOARD_PWD,BOARD_CONTENT,BOARD_WDATE,USER_ID,ORIGINFILENAME,FILENAME,FILESIZE,REFER,LEV,SUNBUN,USER_NICK,READNUM) values (102,'너무 궁금해요..',5,'1234','너무 궁금해요..',to_date('20/03/23','RR/MM/DD'),'thsalsghqkqh@gmail.com',null,null,0,0,0,0,'미노미노',23);
Insert into RIDINGHAN.BOARD (BOARD_IDX,BOARD_TITLE,BOARD_USER_NO,BOARD_PWD,BOARD_CONTENT,BOARD_WDATE,USER_ID,ORIGINFILENAME,FILENAME,FILESIZE,REFER,LEV,SUNBUN,USER_NICK,READNUM) values (103,'달려라 한강 발표한닷~~~~~~!',2,'1234','쿄쿄쿄쿄쿄쿄
이미지야 나와랏~~~~~~',to_date('20/03/26','RR/MM/DD'),'umsunny03@gmail.com','Tulips.jpg','ff69b79f-b07b-4763-bff6-a4faaca3050b_Tulips.jpg',620888,0,0,0,'달려라세강',5);
REM INSERTING into RIDINGHAN.CAMPAIGN
SET DEFINE OFF;
Insert into RIDINGHAN.CAMPAIGN (CAMPAIGN_NO,CAMPAIGN_IMAGE,CAMPAIGN_URL,CAMPAIGN_START_DATE,CAMPAIGN_FINISH_DATE,CAMPAIGN_WDATE) values (1,'a.jpg','www.naver.com','2020-01-01','2020-02-02',to_date('20/03/10','RR/MM/DD'));
Insert into RIDINGHAN.CAMPAIGN (CAMPAIGN_NO,CAMPAIGN_IMAGE,CAMPAIGN_URL,CAMPAIGN_START_DATE,CAMPAIGN_FINISH_DATE,CAMPAIGN_WDATE) values (2,'b.jpg','www.naver.com','2020-01-01','2020-02-02',to_date('20/03/10','RR/MM/DD'));
Insert into RIDINGHAN.CAMPAIGN (CAMPAIGN_NO,CAMPAIGN_IMAGE,CAMPAIGN_URL,CAMPAIGN_START_DATE,CAMPAIGN_FINISH_DATE,CAMPAIGN_WDATE) values (3,'c.jpg','www.naver.com','2020-01-01','2020-02-02',to_date('20/03/10','RR/MM/DD'));
Insert into RIDINGHAN.CAMPAIGN (CAMPAIGN_NO,CAMPAIGN_IMAGE,CAMPAIGN_URL,CAMPAIGN_START_DATE,CAMPAIGN_FINISH_DATE,CAMPAIGN_WDATE) values (4,'d.jpg','www.naver.com','2020-01-01','2020-02-02',to_date('20/03/10','RR/MM/DD'));
Insert into RIDINGHAN.CAMPAIGN (CAMPAIGN_NO,CAMPAIGN_IMAGE,CAMPAIGN_URL,CAMPAIGN_START_DATE,CAMPAIGN_FINISH_DATE,CAMPAIGN_WDATE) values (5,'e.jpg','www.naver.com','2020-01-01','2020-02-02',to_date('20/03/10','RR/MM/DD'));
Insert into RIDINGHAN.CAMPAIGN (CAMPAIGN_NO,CAMPAIGN_IMAGE,CAMPAIGN_URL,CAMPAIGN_START_DATE,CAMPAIGN_FINISH_DATE,CAMPAIGN_WDATE) values (6,'f.jpg','www.naver.com','2020-01-01','2020-02-02',to_date('20/03/10','RR/MM/DD'));
Insert into RIDINGHAN.CAMPAIGN (CAMPAIGN_NO,CAMPAIGN_IMAGE,CAMPAIGN_URL,CAMPAIGN_START_DATE,CAMPAIGN_FINISH_DATE,CAMPAIGN_WDATE) values (7,'g.jpg','www.naver.com','2020-01-01','2020-02-02',to_date('20/03/10','RR/MM/DD'));
Insert into RIDINGHAN.CAMPAIGN (CAMPAIGN_NO,CAMPAIGN_IMAGE,CAMPAIGN_URL,CAMPAIGN_START_DATE,CAMPAIGN_FINISH_DATE,CAMPAIGN_WDATE) values (8,'h.jpg','www.naver.com','2020-01-01','2020-02-02',to_date('20/03/10','RR/MM/DD'));
Insert into RIDINGHAN.CAMPAIGN (CAMPAIGN_NO,CAMPAIGN_IMAGE,CAMPAIGN_URL,CAMPAIGN_START_DATE,CAMPAIGN_FINISH_DATE,CAMPAIGN_WDATE) values (9,'i.jpg','www.naver.com','2020-01-01','2020-02-02',to_date('20/03/10','RR/MM/DD'));
Insert into RIDINGHAN.CAMPAIGN (CAMPAIGN_NO,CAMPAIGN_IMAGE,CAMPAIGN_URL,CAMPAIGN_START_DATE,CAMPAIGN_FINISH_DATE,CAMPAIGN_WDATE) values (10,'j.jpg','www.naver.com','2020-01-01','2020-02-02',to_date('20/03/10','RR/MM/DD'));
Insert into RIDINGHAN.CAMPAIGN (CAMPAIGN_NO,CAMPAIGN_IMAGE,CAMPAIGN_URL,CAMPAIGN_START_DATE,CAMPAIGN_FINISH_DATE,CAMPAIGN_WDATE) values (11,'k.jpg','www.naver.com','2020-01-01','2020-02-02',to_date('20/03/10','RR/MM/DD'));
Insert into RIDINGHAN.CAMPAIGN (CAMPAIGN_NO,CAMPAIGN_IMAGE,CAMPAIGN_URL,CAMPAIGN_START_DATE,CAMPAIGN_FINISH_DATE,CAMPAIGN_WDATE) values (12,'l.jpg','www.naver.com','2020-01-01','2020-02-02',to_date('20/03/10','RR/MM/DD'));
Insert into RIDINGHAN.CAMPAIGN (CAMPAIGN_NO,CAMPAIGN_IMAGE,CAMPAIGN_URL,CAMPAIGN_START_DATE,CAMPAIGN_FINISH_DATE,CAMPAIGN_WDATE) values (13,'m.jpg','www.naver.com','2020-01-01','2020-02-02',to_date('20/03/10','RR/MM/DD'));
Insert into RIDINGHAN.CAMPAIGN (CAMPAIGN_NO,CAMPAIGN_IMAGE,CAMPAIGN_URL,CAMPAIGN_START_DATE,CAMPAIGN_FINISH_DATE,CAMPAIGN_WDATE) values (14,'n.jpg','www.naver.com','2020-01-01','2020-02-02',to_date('20/03/10','RR/MM/DD'));
Insert into RIDINGHAN.CAMPAIGN (CAMPAIGN_NO,CAMPAIGN_IMAGE,CAMPAIGN_URL,CAMPAIGN_START_DATE,CAMPAIGN_FINISH_DATE,CAMPAIGN_WDATE) values (15,'o.jpg','www.naver.com','2020-01-01','2020-02-02',to_date('20/03/10','RR/MM/DD'));
Insert into RIDINGHAN.CAMPAIGN (CAMPAIGN_NO,CAMPAIGN_IMAGE,CAMPAIGN_URL,CAMPAIGN_START_DATE,CAMPAIGN_FINISH_DATE,CAMPAIGN_WDATE) values (16,'p.jpg','www.naver.com','2020-02-02','2020-02-02',to_date('20/03/17','RR/MM/DD'));
Insert into RIDINGHAN.CAMPAIGN (CAMPAIGN_NO,CAMPAIGN_IMAGE,CAMPAIGN_URL,CAMPAIGN_START_DATE,CAMPAIGN_FINISH_DATE,CAMPAIGN_WDATE) values (17,'q.jpg','www.naver.com','2020-02-02','2020-02-02',to_date('20/03/17','RR/MM/DD'));
Insert into RIDINGHAN.CAMPAIGN (CAMPAIGN_NO,CAMPAIGN_IMAGE,CAMPAIGN_URL,CAMPAIGN_START_DATE,CAMPAIGN_FINISH_DATE,CAMPAIGN_WDATE) values (18,'r.jpg','www.naver.com','2020-02-02','2020-02-02',to_date('20/03/17','RR/MM/DD'));
Insert into RIDINGHAN.CAMPAIGN (CAMPAIGN_NO,CAMPAIGN_IMAGE,CAMPAIGN_URL,CAMPAIGN_START_DATE,CAMPAIGN_FINISH_DATE,CAMPAIGN_WDATE) values (19,'s.jpg','www.naver.com','2020-02-02','2020-02-02',to_date('20/03/17','RR/MM/DD'));
Insert into RIDINGHAN.CAMPAIGN (CAMPAIGN_NO,CAMPAIGN_IMAGE,CAMPAIGN_URL,CAMPAIGN_START_DATE,CAMPAIGN_FINISH_DATE,CAMPAIGN_WDATE) values (20,'t.jpg','www.naver.com','2020-02-02','2020-02-02',to_date('20/03/17','RR/MM/DD'));
Insert into RIDINGHAN.CAMPAIGN (CAMPAIGN_NO,CAMPAIGN_IMAGE,CAMPAIGN_URL,CAMPAIGN_START_DATE,CAMPAIGN_FINISH_DATE,CAMPAIGN_WDATE) values (21,'u.jpg','www.naver.com','2020-02-02','2020-02-02',to_date('20/03/17','RR/MM/DD'));
Insert into RIDINGHAN.CAMPAIGN (CAMPAIGN_NO,CAMPAIGN_IMAGE,CAMPAIGN_URL,CAMPAIGN_START_DATE,CAMPAIGN_FINISH_DATE,CAMPAIGN_WDATE) values (22,'v.jpg','www.naver.com','2020-02-02','2020-02-02',to_date('20/03/17','RR/MM/DD'));
Insert into RIDINGHAN.CAMPAIGN (CAMPAIGN_NO,CAMPAIGN_IMAGE,CAMPAIGN_URL,CAMPAIGN_START_DATE,CAMPAIGN_FINISH_DATE,CAMPAIGN_WDATE) values (23,'w.jpg','www.naver.com','2020-02-02','2020-02-02',to_date('20/03/17','RR/MM/DD'));
Insert into RIDINGHAN.CAMPAIGN (CAMPAIGN_NO,CAMPAIGN_IMAGE,CAMPAIGN_URL,CAMPAIGN_START_DATE,CAMPAIGN_FINISH_DATE,CAMPAIGN_WDATE) values (24,'x.jpg','www.naver.com','2020-02-02','2020-02-02',to_date('20/03/17','RR/MM/DD'));
Insert into RIDINGHAN.CAMPAIGN (CAMPAIGN_NO,CAMPAIGN_IMAGE,CAMPAIGN_URL,CAMPAIGN_START_DATE,CAMPAIGN_FINISH_DATE,CAMPAIGN_WDATE) values (25,'y.jpg','www.naver.com','2020-02-02','2020-02-02',to_date('20/03/17','RR/MM/DD'));
Insert into RIDINGHAN.CAMPAIGN (CAMPAIGN_NO,CAMPAIGN_IMAGE,CAMPAIGN_URL,CAMPAIGN_START_DATE,CAMPAIGN_FINISH_DATE,CAMPAIGN_WDATE) values (26,'z.jpg','www.naver.com','2020-02-02','2020-02-02',to_date('20/03/17','RR/MM/DD'));
Insert into RIDINGHAN.CAMPAIGN (CAMPAIGN_NO,CAMPAIGN_IMAGE,CAMPAIGN_URL,CAMPAIGN_START_DATE,CAMPAIGN_FINISH_DATE,CAMPAIGN_WDATE) values (27,'a1.jpg','www.naver.com','2020-02-02','2020-02-02',to_date('20/03/17','RR/MM/DD'));
Insert into RIDINGHAN.CAMPAIGN (CAMPAIGN_NO,CAMPAIGN_IMAGE,CAMPAIGN_URL,CAMPAIGN_START_DATE,CAMPAIGN_FINISH_DATE,CAMPAIGN_WDATE) values (28,'b1.jpg','www.naver.com','2020-02-02','2020-02-02',to_date('20/03/17','RR/MM/DD'));
Insert into RIDINGHAN.CAMPAIGN (CAMPAIGN_NO,CAMPAIGN_IMAGE,CAMPAIGN_URL,CAMPAIGN_START_DATE,CAMPAIGN_FINISH_DATE,CAMPAIGN_WDATE) values (29,'c1.jpg','www.naver.com','2020-02-02','2020-02-02',to_date('20/03/17','RR/MM/DD'));
Insert into RIDINGHAN.CAMPAIGN (CAMPAIGN_NO,CAMPAIGN_IMAGE,CAMPAIGN_URL,CAMPAIGN_START_DATE,CAMPAIGN_FINISH_DATE,CAMPAIGN_WDATE) values (30,'d1.jpg','www.naver.com','2020-02-02','2020-02-02',to_date('20/03/17','RR/MM/DD'));
REM INSERTING into RIDINGHAN.CHAT
SET DEFINE OFF;
Insert into RIDINGHAN.CHAT (CHAT_NO,CHAT_TITLE,CHAT_TEXT,CHAT_WTIME,CHAT_IMG,CHAT_USER_NO,ROOM_CODE,CHAT_INFO) values (104,'달려라한강 채팅방입니다','한강공원에서 자전거 타요~!',to_date('20/03/18','RR/MM/DD'),null,2,'NLYX0416',null);
Insert into RIDINGHAN.CHAT (CHAT_NO,CHAT_TITLE,CHAT_TEXT,CHAT_WTIME,CHAT_IMG,CHAT_USER_NO,ROOM_CODE,CHAT_INFO) values (105,'달려라한강 채팅방입니다','^ㅇ^/',to_date('20/03/18','RR/MM/DD'),null,2,'NLYX0416',null);
Insert into RIDINGHAN.CHAT (CHAT_NO,CHAT_TITLE,CHAT_TEXT,CHAT_WTIME,CHAT_IMG,CHAT_USER_NO,ROOM_CODE,CHAT_INFO) values (106,'한강에서 라이딩해요~','|start|',to_date('20/03/19','RR/MM/DD'),'4.jpg',2,'RBET5495','^^');
Insert into RIDINGHAN.CHAT (CHAT_NO,CHAT_TITLE,CHAT_TEXT,CHAT_WTIME,CHAT_IMG,CHAT_USER_NO,ROOM_CODE,CHAT_INFO) values (102,'달려라한강 채팅방입니다','안녕하세요',to_date('20/03/18','RR/MM/DD'),null,5,'NLYX0416',null);
Insert into RIDINGHAN.CHAT (CHAT_NO,CHAT_TITLE,CHAT_TEXT,CHAT_WTIME,CHAT_IMG,CHAT_USER_NO,ROOM_CODE,CHAT_INFO) values (107,'테스트 채팅방입니다','|start|',to_date('20/03/19','RR/MM/DD'),'12.jpg',2,'LLTU9581','하하하하');
Insert into RIDINGHAN.CHAT (CHAT_NO,CHAT_TITLE,CHAT_TEXT,CHAT_WTIME,CHAT_IMG,CHAT_USER_NO,ROOM_CODE,CHAT_INFO) values (145,'테스트 채팅방입니다','|start|',to_date('20/03/26','RR/MM/DD'),'bikeicon.jpg',5,'YJFK7563',':(');
Insert into RIDINGHAN.CHAT (CHAT_NO,CHAT_TITLE,CHAT_TEXT,CHAT_WTIME,CHAT_IMG,CHAT_USER_NO,ROOM_CODE,CHAT_INFO) values (103,'달려라한강 채팅방입니다','미노미노라고 합니다^^',to_date('20/03/18','RR/MM/DD'),null,5,'NLYX0416',null);
Insert into RIDINGHAN.CHAT (CHAT_NO,CHAT_TITLE,CHAT_TEXT,CHAT_WTIME,CHAT_IMG,CHAT_USER_NO,ROOM_CODE,CHAT_INFO) values (109,'테스트 채팅방입니다','|start|',to_date('20/03/19','RR/MM/DD'),'7.jpg',2,'PUWO6388','ㅎㅎ');
Insert into RIDINGHAN.CHAT (CHAT_NO,CHAT_TITLE,CHAT_TEXT,CHAT_WTIME,CHAT_IMG,CHAT_USER_NO,ROOM_CODE,CHAT_INFO) values (101,'달려라한강 채팅방입니다','|start|',to_date('20/03/18','RR/MM/DD'),'1.jpg',5,'NLYX0416','안녕하세요^^');
Insert into RIDINGHAN.CHAT (CHAT_NO,CHAT_TITLE,CHAT_TEXT,CHAT_WTIME,CHAT_IMG,CHAT_USER_NO,ROOM_CODE,CHAT_INFO) values (110,'테스트 채팅방입니다','|start|',to_date('20/03/19','RR/MM/DD'),'6.jpg',2,'JTRM6233','테스트 채팅방입니다');
Insert into RIDINGHAN.CHAT (CHAT_NO,CHAT_TITLE,CHAT_TEXT,CHAT_WTIME,CHAT_IMG,CHAT_USER_NO,ROOM_CODE,CHAT_INFO) values (146,'채팅방 테스트','|start|',to_date('20/03/26','RR/MM/DD'),'bikeicon.jpg',5,'SOBB2183','^ㅇ^');
Insert into RIDINGHAN.CHAT (CHAT_NO,CHAT_TITLE,CHAT_TEXT,CHAT_WTIME,CHAT_IMG,CHAT_USER_NO,ROOM_CODE,CHAT_INFO) values (148,'유민선 들어와 채팅 시연해야지','|start|',to_date('20/03/26','RR/MM/DD'),'Jellyfish.jpg',7,'IFQL4510','컴컴');
Insert into RIDINGHAN.CHAT (CHAT_NO,CHAT_TITLE,CHAT_TEXT,CHAT_WTIME,CHAT_IMG,CHAT_USER_NO,ROOM_CODE,CHAT_INFO) values (150,'유민선 들어와 채팅 시연해야지','왔어?',to_date('20/03/26','RR/MM/DD'),null,7,'IFQL4510',null);
Insert into RIDINGHAN.CHAT (CHAT_NO,CHAT_TITLE,CHAT_TEXT,CHAT_WTIME,CHAT_IMG,CHAT_USER_NO,ROOM_CODE,CHAT_INFO) values (115,'달려라한강 채팅방입니다','만나서 반갑습니다',to_date('20/03/19','RR/MM/DD'),null,4,'NLYX0416',null);
Insert into RIDINGHAN.CHAT (CHAT_NO,CHAT_TITLE,CHAT_TEXT,CHAT_WTIME,CHAT_IMG,CHAT_USER_NO,ROOM_CODE,CHAT_INFO) values (116,'달려라한강 채팅방입니다','어디 사세요?',to_date('20/03/19','RR/MM/DD'),null,4,'NLYX0416',null);
Insert into RIDINGHAN.CHAT (CHAT_NO,CHAT_TITLE,CHAT_TEXT,CHAT_WTIME,CHAT_IMG,CHAT_USER_NO,ROOM_CODE,CHAT_INFO) values (151,'유민선 들어와 채팅 시연해야지','엥',to_date('20/03/26','RR/MM/DD'),null,7,'IFQL4510',null);
Insert into RIDINGHAN.CHAT (CHAT_NO,CHAT_TITLE,CHAT_TEXT,CHAT_WTIME,CHAT_IMG,CHAT_USER_NO,ROOM_CODE,CHAT_INFO) values (139,'난지한강공원 ~ 잠실대교 라이딩하실분 !!','되',to_date('20/03/24','RR/MM/DD'),null,5,'WGTJ3214',null);
Insert into RIDINGHAN.CHAT (CHAT_NO,CHAT_TITLE,CHAT_TEXT,CHAT_WTIME,CHAT_IMG,CHAT_USER_NO,ROOM_CODE,CHAT_INFO) values (137,'난지한강공원 ~ 잠실대교 라이딩하실분 !!','|start|',to_date('20/03/24','RR/MM/DD'),'bikeicon.jpg',5,'WGTJ3214','1234');
Insert into RIDINGHAN.CHAT (CHAT_NO,CHAT_TITLE,CHAT_TEXT,CHAT_WTIME,CHAT_IMG,CHAT_USER_NO,ROOM_CODE,CHAT_INFO) values (138,'난지한강공원 ~ 잠실대교 라이딩하실분 !!','asldkfj',to_date('20/03/24','RR/MM/DD'),null,5,'WGTJ3214',null);
Insert into RIDINGHAN.CHAT (CHAT_NO,CHAT_TITLE,CHAT_TEXT,CHAT_WTIME,CHAT_IMG,CHAT_USER_NO,ROOM_CODE,CHAT_INFO) values (140,'난지한강공원 ~ 잠실대교 라이딩하실분 !!','돼',to_date('20/03/24','RR/MM/DD'),null,5,'WGTJ3214',null);
Insert into RIDINGHAN.CHAT (CHAT_NO,CHAT_TITLE,CHAT_TEXT,CHAT_WTIME,CHAT_IMG,CHAT_USER_NO,ROOM_CODE,CHAT_INFO) values (141,'난지한강공원 ~ 잠실대교 라이딩하실분 !!','돼',to_date('20/03/24','RR/MM/DD'),null,5,'WGTJ3214',null);
Insert into RIDINGHAN.CHAT (CHAT_NO,CHAT_TITLE,CHAT_TEXT,CHAT_WTIME,CHAT_IMG,CHAT_USER_NO,ROOM_CODE,CHAT_INFO) values (142,'잠실나루에서 홍대까지 가실 분 구합니다(3명까지)','|start|',to_date('20/03/25','RR/MM/DD'),'bikeicon.jpg',5,'WSQH8207','ㄴㅁ');
Insert into RIDINGHAN.CHAT (CHAT_NO,CHAT_TITLE,CHAT_TEXT,CHAT_WTIME,CHAT_IMG,CHAT_USER_NO,ROOM_CODE,CHAT_INFO) values (143,' 서울숲 => 뚝섬한강공원','start',to_date('20/03/26','RR/MM/DD'),'bikeicon.jpg',5,'WBFI2454','^^여자만');
Insert into RIDINGHAN.CHAT (CHAT_NO,CHAT_TITLE,CHAT_TEXT,CHAT_WTIME,CHAT_IMG,CHAT_USER_NO,ROOM_CODE,CHAT_INFO) values (144,'채팅지려꼬오져꼬레리꼬','|start|',to_date('20/03/26','RR/MM/DD'),'Desert.jpg',5,'PCDQ7804','ㅁㄴㅇㄹ');
Insert into RIDINGHAN.CHAT (CHAT_NO,CHAT_TITLE,CHAT_TEXT,CHAT_WTIME,CHAT_IMG,CHAT_USER_NO,ROOM_CODE,CHAT_INFO) values (162,'왜안된디야','start',to_date('20/03/26','RR/MM/DD'),'bikeicon.jpg',7,'GNSX9780','???');
REM INSERTING into RIDINGHAN.CHAT_MEMBER
SET DEFINE OFF;
Insert into RIDINGHAN.CHAT_MEMBER (CHAT_MEMBER_NO,ROOM_CODE,USER_NO,CHAT_JTIME,PLAN_NO) values (55,'RBET5495',2,to_date('20/03/19','RR/MM/DD'),null);
Insert into RIDINGHAN.CHAT_MEMBER (CHAT_MEMBER_NO,ROOM_CODE,USER_NO,CHAT_JTIME,PLAN_NO) values (56,'LLTU9581',2,to_date('20/03/19','RR/MM/DD'),null);
Insert into RIDINGHAN.CHAT_MEMBER (CHAT_MEMBER_NO,ROOM_CODE,USER_NO,CHAT_JTIME,PLAN_NO) values (57,'VZON1620',2,to_date('20/03/19','RR/MM/DD'),null);
Insert into RIDINGHAN.CHAT_MEMBER (CHAT_MEMBER_NO,ROOM_CODE,USER_NO,CHAT_JTIME,PLAN_NO) values (58,'PUWO6388',2,to_date('20/03/19','RR/MM/DD'),null);
Insert into RIDINGHAN.CHAT_MEMBER (CHAT_MEMBER_NO,ROOM_CODE,USER_NO,CHAT_JTIME,PLAN_NO) values (59,'JTRM6233',2,to_date('20/03/19','RR/MM/DD'),null);
Insert into RIDINGHAN.CHAT_MEMBER (CHAT_MEMBER_NO,ROOM_CODE,USER_NO,CHAT_JTIME,PLAN_NO) values (60,'HMMR8035',2,to_date('20/03/19','RR/MM/DD'),null);
Insert into RIDINGHAN.CHAT_MEMBER (CHAT_MEMBER_NO,ROOM_CODE,USER_NO,CHAT_JTIME,PLAN_NO) values (61,'RPLR3828',2,to_date('20/03/19','RR/MM/DD'),null);
Insert into RIDINGHAN.CHAT_MEMBER (CHAT_MEMBER_NO,ROOM_CODE,USER_NO,CHAT_JTIME,PLAN_NO) values (62,'PWPR4622',2,to_date('20/03/19','RR/MM/DD'),null);
Insert into RIDINGHAN.CHAT_MEMBER (CHAT_MEMBER_NO,ROOM_CODE,USER_NO,CHAT_JTIME,PLAN_NO) values (63,'XIRH7734',2,to_date('20/03/19','RR/MM/DD'),null);
Insert into RIDINGHAN.CHAT_MEMBER (CHAT_MEMBER_NO,ROOM_CODE,USER_NO,CHAT_JTIME,PLAN_NO) values (30,'XFQS2873',5,to_date('20/03/18','RR/MM/DD'),null);
Insert into RIDINGHAN.CHAT_MEMBER (CHAT_MEMBER_NO,ROOM_CODE,USER_NO,CHAT_JTIME,PLAN_NO) values (64,'NLYX0416',4,to_date('20/03/19','RR/MM/DD'),null);
Insert into RIDINGHAN.CHAT_MEMBER (CHAT_MEMBER_NO,ROOM_CODE,USER_NO,CHAT_JTIME,PLAN_NO) values (89,'YJFK7563',5,to_date('20/03/26','RR/MM/DD'),null);
Insert into RIDINGHAN.CHAT_MEMBER (CHAT_MEMBER_NO,ROOM_CODE,USER_NO,CHAT_JTIME,PLAN_NO) values (66,'IBSV6635',6,to_date('20/03/20','RR/MM/DD'),null);
Insert into RIDINGHAN.CHAT_MEMBER (CHAT_MEMBER_NO,ROOM_CODE,USER_NO,CHAT_JTIME,PLAN_NO) values (67,'IBSV6635',7,to_date('20/03/20','RR/MM/DD'),null);
Insert into RIDINGHAN.CHAT_MEMBER (CHAT_MEMBER_NO,ROOM_CODE,USER_NO,CHAT_JTIME,PLAN_NO) values (90,'SOBB2183',5,to_date('20/03/26','RR/MM/DD'),null);
Insert into RIDINGHAN.CHAT_MEMBER (CHAT_MEMBER_NO,ROOM_CODE,USER_NO,CHAT_JTIME,PLAN_NO) values (70,'PUWO6388',5,to_date('20/03/20','RR/MM/DD'),null);
Insert into RIDINGHAN.CHAT_MEMBER (CHAT_MEMBER_NO,ROOM_CODE,USER_NO,CHAT_JTIME,PLAN_NO) values (91,'SOBB2183',0,to_date('20/03/26','RR/MM/DD'),null);
Insert into RIDINGHAN.CHAT_MEMBER (CHAT_MEMBER_NO,ROOM_CODE,USER_NO,CHAT_JTIME,PLAN_NO) values (72,'JTRM6233',5,to_date('20/03/20','RR/MM/DD'),null);
Insert into RIDINGHAN.CHAT_MEMBER (CHAT_MEMBER_NO,ROOM_CODE,USER_NO,CHAT_JTIME,PLAN_NO) values (92,'IFQL4510',7,to_date('20/03/26','RR/MM/DD'),null);
Insert into RIDINGHAN.CHAT_MEMBER (CHAT_MEMBER_NO,ROOM_CODE,USER_NO,CHAT_JTIME,PLAN_NO) values (93,'MBTR3037',8,to_date('20/03/26','RR/MM/DD'),null);
Insert into RIDINGHAN.CHAT_MEMBER (CHAT_MEMBER_NO,ROOM_CODE,USER_NO,CHAT_JTIME,PLAN_NO) values (94,'IFQL4510',8,to_date('20/03/26','RR/MM/DD'),null);
Insert into RIDINGHAN.CHAT_MEMBER (CHAT_MEMBER_NO,ROOM_CODE,USER_NO,CHAT_JTIME,PLAN_NO) values (95,'SOBB2183',7,to_date('20/03/26','RR/MM/DD'),null);
Insert into RIDINGHAN.CHAT_MEMBER (CHAT_MEMBER_NO,ROOM_CODE,USER_NO,CHAT_JTIME,PLAN_NO) values (85,'WGTJ3214',5,to_date('20/03/25','RR/MM/DD'),null);
Insert into RIDINGHAN.CHAT_MEMBER (CHAT_MEMBER_NO,ROOM_CODE,USER_NO,CHAT_JTIME,PLAN_NO) values (83,'WGTJ3214',5,to_date('20/03/24','RR/MM/DD'),null);
Insert into RIDINGHAN.CHAT_MEMBER (CHAT_MEMBER_NO,ROOM_CODE,USER_NO,CHAT_JTIME,PLAN_NO) values (53,'NLYX0416',2,to_date('20/03/18','RR/MM/DD'),null);
Insert into RIDINGHAN.CHAT_MEMBER (CHAT_MEMBER_NO,ROOM_CODE,USER_NO,CHAT_JTIME,PLAN_NO) values (84,'RBET5495',5,to_date('20/03/24','RR/MM/DD'),null);
Insert into RIDINGHAN.CHAT_MEMBER (CHAT_MEMBER_NO,ROOM_CODE,USER_NO,CHAT_JTIME,PLAN_NO) values (54,'NLYX0416',5,to_date('20/03/18','RR/MM/DD'),null);
Insert into RIDINGHAN.CHAT_MEMBER (CHAT_MEMBER_NO,ROOM_CODE,USER_NO,CHAT_JTIME,PLAN_NO) values (86,'WSQH8207',5,to_date('20/03/25','RR/MM/DD'),null);
Insert into RIDINGHAN.CHAT_MEMBER (CHAT_MEMBER_NO,ROOM_CODE,USER_NO,CHAT_JTIME,PLAN_NO) values (87,'WSQH8207',5,to_date('20/03/26','RR/MM/DD'),null);
Insert into RIDINGHAN.CHAT_MEMBER (CHAT_MEMBER_NO,ROOM_CODE,USER_NO,CHAT_JTIME,PLAN_NO) values (88,'PCDQ7804',5,to_date('20/03/26','RR/MM/DD'),null);
Insert into RIDINGHAN.CHAT_MEMBER (CHAT_MEMBER_NO,ROOM_CODE,USER_NO,CHAT_JTIME,PLAN_NO) values (96,'IFQL4510',5,to_date('20/03/26','RR/MM/DD'),null);
Insert into RIDINGHAN.CHAT_MEMBER (CHAT_MEMBER_NO,ROOM_CODE,USER_NO,CHAT_JTIME,PLAN_NO) values (97,'MBTR3037',5,to_date('20/03/26','RR/MM/DD'),null);
Insert into RIDINGHAN.CHAT_MEMBER (CHAT_MEMBER_NO,ROOM_CODE,USER_NO,CHAT_JTIME,PLAN_NO) values (99,'IFQL4510',7,to_date('20/03/26','RR/MM/DD'),null);
REM INSERTING into RIDINGHAN.DIRECTION
SET DEFINE OFF;
Insert into RIDINGHAN.DIRECTION (DIRECTION_NO,TITLE,PLACE_FROM,PLACE_TO,DISTANCE,GPXFILE,D_USER_NO) values (8,'서울숲 => 뚝섬한강공원',75,76,3635.5403873256946,'000075000076.gpx',1);
Insert into RIDINGHAN.DIRECTION (DIRECTION_NO,TITLE,PLACE_FROM,PLACE_TO,DISTANCE,GPXFILE,D_USER_NO) values (9,'여의동 주민센터 => 서울동작경찰서',77,78,5028.716638171087,'000077000078.gpx',1);
Insert into RIDINGHAN.DIRECTION (DIRECTION_NO,TITLE,PLACE_FROM,PLACE_TO,DISTANCE,GPXFILE,D_USER_NO) values (10,'광나루 한강공원 => 뚝섬유원지',79,80,9656.43666093116,'000079000080.gpx',1);
Insert into RIDINGHAN.DIRECTION (DIRECTION_NO,TITLE,PLACE_FROM,PLACE_TO,DISTANCE,GPXFILE,D_USER_NO) values (11,'영등포역3번출구 => 가을단풍길(노량진공원길)',81,82,4105.272395407597,'000081000082.gpx',1);
Insert into RIDINGHAN.DIRECTION (DIRECTION_NO,TITLE,PLACE_FROM,PLACE_TO,DISTANCE,GPXFILE,D_USER_NO) values (6,'IFC몰 => 숭례문',71,72,6929.960725632846,'000071000072.gpx',1);
Insert into RIDINGHAN.DIRECTION (DIRECTION_NO,TITLE,PLACE_FROM,PLACE_TO,DISTANCE,GPXFILE,D_USER_NO) values (7,'한강초등학교체육관 => 본동시민공원',73,74,3596.250082162884,'000073000074.gpx',1);
Insert into RIDINGHAN.DIRECTION (DIRECTION_NO,TITLE,PLACE_FROM,PLACE_TO,DISTANCE,GPXFILE,D_USER_NO) values (12,'버거킹 종로점 => 리라초등학교공중전화(옥외)',83,84,1738.6254024367495,'000083000084.gpx',1);
Insert into RIDINGHAN.DIRECTION (DIRECTION_NO,TITLE,PLACE_FROM,PLACE_TO,DISTANCE,GPXFILE,D_USER_NO) values (13,'000087 => 000088',87,88,1900.383309020088,'000087000088.gpx',1);
Insert into RIDINGHAN.DIRECTION (DIRECTION_NO,TITLE,PLACE_FROM,PLACE_TO,DISTANCE,GPXFILE,D_USER_NO) values (14,'당산역5번출구 => 삼천리자전거 영등포한강점',90,89,1458.0622868015657,'000090000089.gpx',1);
Insert into RIDINGHAN.DIRECTION (DIRECTION_NO,TITLE,PLACE_FROM,PLACE_TO,DISTANCE,GPXFILE,D_USER_NO) values (15,'000093 => 000094',93,94,1629.0019110759993,'000093000094.gpx',1);
Insert into RIDINGHAN.DIRECTION (DIRECTION_NO,TITLE,PLACE_FROM,PLACE_TO,DISTANCE,GPXFILE,D_USER_NO) values (16,'22 => 11',96,95,656.0442520736829,'000096000095.gpx',1);
Insert into RIDINGHAN.DIRECTION (DIRECTION_NO,TITLE,PLACE_FROM,PLACE_TO,DISTANCE,GPXFILE,D_USER_NO) values (17,'국회의사당역 9호선 => 장미아파트',18,97,2322.9861246240466,'000018000097.gpx',1);
Insert into RIDINGHAN.DIRECTION (DIRECTION_NO,TITLE,PLACE_FROM,PLACE_TO,DISTANCE,GPXFILE,D_USER_NO) values (18,'주문진항 => 행신역입구',98,99,241545.55086338412,'000098000099.gpx',1);
Insert into RIDINGHAN.DIRECTION (DIRECTION_NO,TITLE,PLACE_FROM,PLACE_TO,DISTANCE,GPXFILE,D_USER_NO) values (19,'수성예술아파트 => 현대연예인아파트',100,101,10035.057751587527,'000100000101.gpx',1);
Insert into RIDINGHAN.DIRECTION (DIRECTION_NO,TITLE,PLACE_FROM,PLACE_TO,DISTANCE,GPXFILE,D_USER_NO) values (20,'상가 => 목동아파트6단지',102,103,1554.0929789910765,'000102000103.gpx',1);
Insert into RIDINGHAN.DIRECTION (DIRECTION_NO,TITLE,PLACE_FROM,PLACE_TO,DISTANCE,GPXFILE,D_USER_NO) values (21,'우리은행 영등포구청지점 => 우리은행',104,105,1999.6557978963701,'000104000105.gpx',1);
Insert into RIDINGHAN.DIRECTION (DIRECTION_NO,TITLE,PLACE_FROM,PLACE_TO,DISTANCE,GPXFILE,D_USER_NO) values (22,'할리스커피 당산역점 => 123',111,120,1387.6748548101748,'000111000120.gpx',1);
Insert into RIDINGHAN.DIRECTION (DIRECTION_NO,TITLE,PLACE_FROM,PLACE_TO,DISTANCE,GPXFILE,D_USER_NO) values (23,'춘천역 경춘선 => 가좌역1번출구',123,124,101997.79854388577,'000123000124.gpx',1);
Insert into RIDINGHAN.DIRECTION (DIRECTION_NO,TITLE,PLACE_FROM,PLACE_TO,DISTANCE,GPXFILE,D_USER_NO) values (25,'당산역3번출구 => 염창현대1차아이파크아파트',106,126,4239.703495383688,'000106000126.gpx',5);
Insert into RIDINGHAN.DIRECTION (DIRECTION_NO,TITLE,PLACE_FROM,PLACE_TO,DISTANCE,GPXFILE,D_USER_NO) values (26,'더풋샵 당산역점 => 여의도역 9호선',127,128,3649.6912890433296,'000127000128.gpx',5);
Insert into RIDINGHAN.DIRECTION (DIRECTION_NO,TITLE,PLACE_FROM,PLACE_TO,DISTANCE,GPXFILE,D_USER_NO) values (27,'행신초등학교주차장 => 동수초등학교입구',131,132,21257.285962910217,'000131000132.gpx',5);
Insert into RIDINGHAN.DIRECTION (DIRECTION_NO,TITLE,PLACE_FROM,PLACE_TO,DISTANCE,GPXFILE,D_USER_NO) values (28,'클릭한지점 => 도착한지점',133,134,1115.2484200266872,'000133000134.gpx',5);
Insert into RIDINGHAN.DIRECTION (DIRECTION_NO,TITLE,PLACE_FROM,PLACE_TO,DISTANCE,GPXFILE,D_USER_NO) values (29,'유원제일2아파트 => 클릭지점',140,139,1417.7012408618216,'000140000139.gpx',4);
Insert into RIDINGHAN.DIRECTION (DIRECTION_NO,TITLE,PLACE_FROM,PLACE_TO,DISTANCE,GPXFILE,D_USER_NO) values (30,'버거킹 홍대역점 => 도화현대1차',141,142,4520.103097728516,'000141000142.gpx',8);
REM INSERTING into RIDINGHAN.MEMBER
SET DEFINE OFF;
Insert into RIDINGHAN.MEMBER (USER_NO,USER_ID,PWD,USER_NAME,NICKNAME,STATE,JOINDATE,USER_IMG) values (1,'yms318@naver.com','asdf1234!','유민손','쇼니룽',99,to_date('20/02/24','RR/MM/DD'),'bike1.jpg');
Insert into RIDINGHAN.MEMBER (USER_NO,USER_ID,PWD,USER_NAME,NICKNAME,STATE,JOINDATE,USER_IMG) values (2,'umsunny03@gmail.com','asdf1234!','성정민','달려라세강',1,to_date('20/02/25','RR/MM/DD'),'bike2.jpg');
Insert into RIDINGHAN.MEMBER (USER_NO,USER_ID,PWD,USER_NAME,NICKNAME,STATE,JOINDATE,USER_IMG) values (3,'ymj0730@naver.com','asdf1234!','유민지','먼지야',1,to_date('20/02/26','RR/MM/DD'),'bike1.jpg');
Insert into RIDINGHAN.MEMBER (USER_NO,USER_ID,PWD,USER_NAME,NICKNAME,STATE,JOINDATE,USER_IMG) values (4,'mbc369@hanmail.net','asdf1234!','김정미','새신랑',1,to_date('20/02/26','RR/MM/DD'),'bike2.jpg');
Insert into RIDINGHAN.MEMBER (USER_NO,USER_ID,PWD,USER_NAME,NICKNAME,STATE,JOINDATE,USER_IMG) values (5,'thsalsghqkqh@gmail.com','asdf1234!','손민호','미노미노뀨',1,to_date('20/02/26','RR/MM/DD'),'bike1.jpg');
Insert into RIDINGHAN.MEMBER (USER_NO,USER_ID,PWD,USER_NAME,NICKNAME,STATE,JOINDATE,USER_IMG) values (6,'test@gmail.com','asdf1234!','김범희','일산남자',1,to_date('20/03/20','RR/MM/DD'),'ryan5.JPG');
Insert into RIDINGHAN.MEMBER (USER_NO,USER_ID,PWD,USER_NAME,NICKNAME,STATE,JOINDATE,USER_IMG) values (7,'test1@gmail.com','asdf1234!','황정원','황정원',1,to_date('20/03/20','RR/MM/DD'),'bike1.jpg');
Insert into RIDINGHAN.MEMBER (USER_NO,USER_ID,PWD,USER_NAME,NICKNAME,STATE,JOINDATE,USER_IMG) values (8,'menthol24@naver.com','asdf1234!','유민선','왜안돼',1,to_date('20/03/26','RR/MM/DD'),'Hydrangeas.jpg');
REM INSERTING into RIDINGHAN.PLACE
SET DEFINE OFF;
Insert into RIDINGHAN.PLACE (PLACE_NO,TITLE,LATITUDE,LONGITUDE,ROAD_ADDRESS,JIBUN_ADDRESS,P_USER_NO) values (6,'래미안',37.5322392,126.903082,'서울특별시 영등포구 당산로  214 당산 삼성 래미안','서울특별시 영등포구 당산동5가  42',null);
Insert into RIDINGHAN.PLACE (PLACE_NO,TITLE,LATITUDE,LONGITUDE,ROAD_ADDRESS,JIBUN_ADDRESS,P_USER_NO) values (7,'코스트코코리아',37.5276277,126.8921279,'서울특별시 영등포구 선유로  156','서울특별시 영등포구 양평동3가  65-3',null);
Insert into RIDINGHAN.PLACE (PLACE_NO,TITLE,LATITUDE,LONGITUDE,ROAD_ADDRESS,JIBUN_ADDRESS,P_USER_NO) values (4,'당산중학교',37.5322222,126.90747,'서울특별시 영등포구 버드나루로  160 당산중학교','서울특별시 영등포구 당산동  121',null);
Insert into RIDINGHAN.PLACE (PLACE_NO,TITLE,LATITUDE,LONGITUDE,ROAD_ADDRESS,JIBUN_ADDRESS,P_USER_NO) values (5,'리치아파트',37.5241221,126.9107959,'서울특별시 영등포구 버드나루로12가길  14 리치아파트','서울특별시 영등포구 영등포동7가  94-83',null);
Insert into RIDINGHAN.PLACE (PLACE_NO,TITLE,LATITUDE,LONGITUDE,ROAD_ADDRESS,JIBUN_ADDRESS,P_USER_NO) values (8,'래미안',37.5323073,126.903082,'서울특별시 영등포구 당산로  214 당산 삼성 래미안','서울특별시 영등포구 당산동5가  42',null);
Insert into RIDINGHAN.PLACE (PLACE_NO,TITLE,LATITUDE,LONGITUDE,ROAD_ADDRESS,JIBUN_ADDRESS,P_USER_NO) values (68,'여의도한강공원',37.5319827,126.9249759,'서울특별시 영등포구 여의서로  62','서울특별시 영등포구 여의도동  83-6',1);
Insert into RIDINGHAN.PLACE (PLACE_NO,TITLE,LATITUDE,LONGITUDE,ROAD_ADDRESS,JIBUN_ADDRESS,P_USER_NO) values (69,'수색동 주민센터',37.5835192,126.8936659,'서울특별시 은평구 수색로 280','서울특별시 은평구 수색동 363-12',1);
Insert into RIDINGHAN.PLACE (PLACE_NO,TITLE,LATITUDE,LONGITUDE,ROAD_ADDRESS,JIBUN_ADDRESS,P_USER_NO) values (70,'궁동공원',37.5690506,126.9229851,'서울특별시 서대문구 성산로7길 19-22','서울특별시 서대문구 연희동 산118-1',1);
Insert into RIDINGHAN.PLACE (PLACE_NO,TITLE,LATITUDE,LONGITUDE,ROAD_ADDRESS,JIBUN_ADDRESS,P_USER_NO) values (71,'IFC몰',37.5251911,126.9258013,'서울특별시 영등포구 국제금융로 10 IFC몰 B1','서울특별시 영등포구 여의도동 23 IFC몰 B1',1);
Insert into RIDINGHAN.PLACE (PLACE_NO,TITLE,LATITUDE,LONGITUDE,ROAD_ADDRESS,JIBUN_ADDRESS,P_USER_NO) values (72,'숭례문',37.5596125,126.9752886,null,'서울특별시 중구 남대문로5가  1-5',1);
Insert into RIDINGHAN.PLACE (PLACE_NO,TITLE,LATITUDE,LONGITUDE,ROAD_ADDRESS,JIBUN_ADDRESS,P_USER_NO) values (73,'한강초등학교체육관',37.525216,126.965059,'서울특별시 용산구 한강대로14길 9','서울특별시 용산구 한강로3가 65-5',1);
Insert into RIDINGHAN.PLACE (PLACE_NO,TITLE,LATITUDE,LONGITUDE,ROAD_ADDRESS,JIBUN_ADDRESS,P_USER_NO) values (15,'IFC몰',37.5251942,126.9257198,'서울특별시 영등포구 국제금융로  10 서울 국제금융 센터','서울특별시 영등포구 여의도동  23',null);
Insert into RIDINGHAN.PLACE (PLACE_NO,TITLE,LATITUDE,LONGITUDE,ROAD_ADDRESS,JIBUN_ADDRESS,P_USER_NO) values (16,'GS대영주유소',37.5254665,126.9041119,'서울특별시 영등포구 국회대로  632','서울특별시 영등포구 영등포동7가  63-8',null);
Insert into RIDINGHAN.PLACE (PLACE_NO,TITLE,LATITUDE,LONGITUDE,ROAD_ADDRESS,JIBUN_ADDRESS,P_USER_NO) values (17,'당산역2번출구',37.5346662,126.9022953,null,'서울특별시 영등포구 당산동6가',null);
Insert into RIDINGHAN.PLACE (PLACE_NO,TITLE,LATITUDE,LONGITUDE,ROAD_ADDRESS,JIBUN_ADDRESS,P_USER_NO) values (18,'국회의사당역 9호선',37.5281375,126.9178693,'서울특별시 영등포구 국회대로 758','서울특별시 영등포구 여의도동 1-6',null);
Insert into RIDINGHAN.PLACE (PLACE_NO,TITLE,LATITUDE,LONGITUDE,ROAD_ADDRESS,JIBUN_ADDRESS,P_USER_NO) values (74,'본동시민공원',37.5145122,126.9523994,null,'서울특별시 동작구 본동',1);
Insert into RIDINGHAN.PLACE (PLACE_NO,TITLE,LATITUDE,LONGITUDE,ROAD_ADDRESS,JIBUN_ADDRESS,P_USER_NO) values (75,'서울숲',37.5419645,127.0385662,'서울특별시 성동구 뚝섬로 273','서울특별시 성동구 성수동1가 685-1',1);
Insert into RIDINGHAN.PLACE (PLACE_NO,TITLE,LATITUDE,LONGITUDE,ROAD_ADDRESS,JIBUN_ADDRESS,P_USER_NO) values (21,'경포해변',37.8054953,128.9082081,null,'강원도 강릉시 강문동 산1-1',null);
Insert into RIDINGHAN.PLACE (PLACE_NO,TITLE,LATITUDE,LONGITUDE,ROAD_ADDRESS,JIBUN_ADDRESS,P_USER_NO) values (76,'뚝섬한강공원',37.5294517,127.0706769,'서울특별시 광진구 강변북로 139','서울특별시 광진구 자양동 704-1',1);
Insert into RIDINGHAN.PLACE (PLACE_NO,TITLE,LATITUDE,LONGITUDE,ROAD_ADDRESS,JIBUN_ADDRESS,P_USER_NO) values (77,'여의동 주민센터',37.5177232,126.9345839,'서울특별시 영등포구 국제금융로 124 여의동주민센터','서울특별시 영등포구 여의도동 53-22',1);
Insert into RIDINGHAN.PLACE (PLACE_NO,TITLE,LATITUDE,LONGITUDE,ROAD_ADDRESS,JIBUN_ADDRESS,P_USER_NO) values (78,'서울동작경찰서',37.5131459,126.9428596,'서울특별시 동작구 노량진로 148 동작경찰서','서울특별시 동작구 노량진1동 72-35',1);
Insert into RIDINGHAN.PLACE (PLACE_NO,TITLE,LATITUDE,LONGITUDE,ROAD_ADDRESS,JIBUN_ADDRESS,P_USER_NO) values (79,'광나루 한강공원',37.5583388,127.1245699,'서울특별시 강동구 선사로 83-66 한강사업본부 광나루안내센터','서울특별시 강동구 암사동 637-6',1);
Insert into RIDINGHAN.PLACE (PLACE_NO,TITLE,LATITUDE,LONGITUDE,ROAD_ADDRESS,JIBUN_ADDRESS,P_USER_NO) values (80,'뚝섬유원지',37.5300599,127.0686003,null,'서울특별시 광진구 자양동 427-1',1);
Insert into RIDINGHAN.PLACE (PLACE_NO,TITLE,LATITUDE,LONGITUDE,ROAD_ADDRESS,JIBUN_ADDRESS,P_USER_NO) values (81,'영등포역3번출구',37.5158013,126.9071869,null,'서울특별시 영등포구 영등포동',1);
Insert into RIDINGHAN.PLACE (PLACE_NO,TITLE,LATITUDE,LONGITUDE,ROAD_ADDRESS,JIBUN_ADDRESS,P_USER_NO) values (82,'가을단풍길(노량진공원길)',37.5055591,126.9293869,null,'서울특별시 동작구 대방동',1);
Insert into RIDINGHAN.PLACE (PLACE_NO,TITLE,LATITUDE,LONGITUDE,ROAD_ADDRESS,JIBUN_ADDRESS,P_USER_NO) values (83,'버거킹 종로점',37.5699586,126.9881077,'서울특별시 종로구 종로 94','서울특별시 종로구 종로2가 56-23',1);
Insert into RIDINGHAN.PLACE (PLACE_NO,TITLE,LATITUDE,LONGITUDE,ROAD_ADDRESS,JIBUN_ADDRESS,P_USER_NO) values (84,'리라초등학교공중전화(옥외)',37.55771,126.987944,'서울특별시 중구 소파로2길 7','서울특별시 중구 예장동 8-148',1);
Insert into RIDINGHAN.PLACE (PLACE_NO,TITLE,LATITUDE,LONGITUDE,ROAD_ADDRESS,JIBUN_ADDRESS,P_USER_NO) values (46,'안산고등학교',37.3602486,126.8731499,'경기도 안산시 상록구 청룡4길 8 안산고등학교','경기도 안산시 상록구 장상동 10-3',1);
Insert into RIDINGHAN.PLACE (PLACE_NO,TITLE,LATITUDE,LONGITUDE,ROAD_ADDRESS,JIBUN_ADDRESS,P_USER_NO) values (55,'사당역14번출구_가로공원공중전화(옥외)',37.476719,126.98247,'서울특별시 서초구 남부순환로 2103','서울특별시 서초구 방배동 445-3',1);
Insert into RIDINGHAN.PLACE (PLACE_NO,TITLE,LATITUDE,LONGITUDE,ROAD_ADDRESS,JIBUN_ADDRESS,P_USER_NO) values (56,'안산고등학교 교무실',37.3608464,126.8751978,null,'경기도 안산시 상록구 장상동 9-1',1);
Insert into RIDINGHAN.PLACE (PLACE_NO,TITLE,LATITUDE,LONGITUDE,ROAD_ADDRESS,JIBUN_ADDRESS,P_USER_NO) values (85,'강서구청입구',37.551101,126.849321,null,'서울특별시 강서구 화곡동',1);
Insert into RIDINGHAN.PLACE (PLACE_NO,TITLE,LATITUDE,LONGITUDE,ROAD_ADDRESS,JIBUN_ADDRESS,P_USER_NO) values (58,'서해고등학교',37.3605727,126.7238019,'경기도 시흥시 정왕신길로 13 서해고등학교','경기도 시흥시 정왕동 1886-6',1);
Insert into RIDINGHAN.PLACE (PLACE_NO,TITLE,LATITUDE,LONGITUDE,ROAD_ADDRESS,JIBUN_ADDRESS,P_USER_NO) values (59,'영등포소방서당산119안전센터',37.5354796,126.89918,'서울특별시 영등포구 양평로 70-1','서울특별시 영등포구 당산동6가 339-7',1);
Insert into RIDINGHAN.PLACE (PLACE_NO,TITLE,LATITUDE,LONGITUDE,ROAD_ADDRESS,JIBUN_ADDRESS,P_USER_NO) values (60,'4호선_혜화역3번출구_지하2층_승강장_당고개공중전화(옥내)',37.582039,127.00189,'서울특별시 종로구 대학로 120','서울특별시 종로구 동숭동 67-2',1);
Insert into RIDINGHAN.PLACE (PLACE_NO,TITLE,LATITUDE,LONGITUDE,ROAD_ADDRESS,JIBUN_ADDRESS,P_USER_NO) values (61,'계룡아파트',37.570786,126.9059333,'서울특별시 마포구 월드컵북로38가길 20','서울특별시 마포구 중동 391',1);
Insert into RIDINGHAN.PLACE (PLACE_NO,TITLE,LATITUDE,LONGITUDE,ROAD_ADDRESS,JIBUN_ADDRESS,P_USER_NO) values (62,'행신역 경의중앙선',37.6121415,126.8340791,'경기도 고양시 덕양구 소원로 114','경기도 고양시 덕양구 행신동 812',1);
Insert into RIDINGHAN.PLACE (PLACE_NO,TITLE,LATITUDE,LONGITUDE,ROAD_ADDRESS,JIBUN_ADDRESS,P_USER_NO) values (63,'시흥경찰서 장곡지구대',37.381979,126.781256,'경기도 시흥시 장곡로54번길 25-14 장곡지구대','경기도 시흥시 장곡동 793-3',1);
Insert into RIDINGHAN.PLACE (PLACE_NO,TITLE,LATITUDE,LONGITUDE,ROAD_ADDRESS,JIBUN_ADDRESS,P_USER_NO) values (64,'진말대우아파트',37.3803867,126.7865928,'경기도 시흥시 진말로 36','경기도 시흥시 장곡동 828',1);
Insert into RIDINGHAN.PLACE (PLACE_NO,TITLE,LATITUDE,LONGITUDE,ROAD_ADDRESS,JIBUN_ADDRESS,P_USER_NO) values (65,'강마을삼성래미안당산1차아파트',37.5343799,126.9059115,'서울특별시 영등포구 당산로54길 11','서울특별시 영등포구 당산동 374',1);
Insert into RIDINGHAN.PLACE (PLACE_NO,TITLE,LATITUDE,LONGITUDE,ROAD_ADDRESS,JIBUN_ADDRESS,P_USER_NO) values (66,'합정역',37.5493604,126.9133804,null,'서울특별시 마포구 합정동  422',1);
Insert into RIDINGHAN.PLACE (PLACE_NO,TITLE,LATITUDE,LONGITUDE,ROAD_ADDRESS,JIBUN_ADDRESS,P_USER_NO) values (67,'더파크호텔 서울',37.5386953,126.8930683,'서울특별시 영등포구 양평로 136','서울특별시 영등포구 양평동5가 62',1);
Insert into RIDINGHAN.PLACE (PLACE_NO,TITLE,LATITUDE,LONGITUDE,ROAD_ADDRESS,JIBUN_ADDRESS,P_USER_NO) values (86,'가을단풍길(우장근린공원내산책로)',37.5534575,126.8429625,null,'서울특별시 강서구 내발산동',1);
Insert into RIDINGHAN.PLACE (PLACE_NO,TITLE,LATITUDE,LONGITUDE,ROAD_ADDRESS,JIBUN_ADDRESS,P_USER_NO) values (93,'구두수선',37.5340684,126.9012688,'서울특별시 영등포구 양평로  45-2 구두수선대51','서울특별시 영등포구 당산동5가  14-4',1);
Insert into RIDINGHAN.PLACE (PLACE_NO,TITLE,LATITUDE,LONGITUDE,ROAD_ADDRESS,JIBUN_ADDRESS,P_USER_NO) values (94,'양평해장국',37.538067,126.8941663,null,'서울특별시 영등포구 양평동4가  202-1',1);
Insert into RIDINGHAN.PLACE (PLACE_NO,TITLE,LATITUDE,LONGITUDE,ROAD_ADDRESS,JIBUN_ADDRESS,P_USER_NO) values (89,'삼천리자전거 영등포한강점',37.5257983,126.9057212,null,'서울특별시 영등포구 영등포동8가  28',1);
Insert into RIDINGHAN.PLACE (PLACE_NO,TITLE,LATITUDE,LONGITUDE,ROAD_ADDRESS,JIBUN_ADDRESS,P_USER_NO) values (90,'당산역5번출구',37.5344763,126.9026241,null,'서울특별시 영등포구 당산동6가',1);
Insert into RIDINGHAN.PLACE (PLACE_NO,TITLE,LATITUDE,LONGITUDE,ROAD_ADDRESS,JIBUN_ADDRESS,P_USER_NO) values (91,'영등포구',37.5342386,126.9021164,'서울특별시 영등포구 양평로  46-2 가로판매대66','서울특별시 영등포구 당산동6가  227-1',1);
Insert into RIDINGHAN.PLACE (PLACE_NO,TITLE,LATITUDE,LONGITUDE,ROAD_ADDRESS,JIBUN_ADDRESS,P_USER_NO) values (92,'양평로',37.5365867,126.8919025,'서울특별시 영등포구 양평로21길  26 선유도역1차아이에스비즈타워','서울특별시 영등포구 양평동5가  1-1',1);
Insert into RIDINGHAN.PLACE (PLACE_NO,TITLE,LATITUDE,LONGITUDE,ROAD_ADDRESS,JIBUN_ADDRESS,P_USER_NO) values (97,'장미아파트',37.5234717,126.9342005,'서울특별시 영등포구 국제금융로7길 32','서울특별시 영등포구 여의도동 40',1);
Insert into RIDINGHAN.PLACE (PLACE_NO,TITLE,LATITUDE,LONGITUDE,ROAD_ADDRESS,JIBUN_ADDRESS,P_USER_NO) values (98,'주문진항',37.8921969,128.829985,null,'강원도 강릉시 주문진읍 주문리',1);
Insert into RIDINGHAN.PLACE (PLACE_NO,TITLE,LATITUDE,LONGITUDE,ROAD_ADDRESS,JIBUN_ADDRESS,P_USER_NO) values (99,'행신역입구',37.6126083,126.8341249,null,'경기도 고양시 덕양구 행신동',1);
Insert into RIDINGHAN.PLACE (PLACE_NO,TITLE,LATITUDE,LONGITUDE,ROAD_ADDRESS,JIBUN_ADDRESS,P_USER_NO) values (100,'수성예술아파트',37.5380458,126.8951178,'서울특별시 영등포구 선유로51길 32','서울특별시 영등포구 양평동4가 196',5);
Insert into RIDINGHAN.PLACE (PLACE_NO,TITLE,LATITUDE,LONGITUDE,ROAD_ADDRESS,JIBUN_ADDRESS,P_USER_NO) values (101,'현대연예인아파트',37.4927124,126.8772189,'서울특별시 구로구 구일로4길 46','서울특별시 구로구 구로동 685-70',5);
Insert into RIDINGHAN.PLACE (PLACE_NO,TITLE,LATITUDE,LONGITUDE,ROAD_ADDRESS,JIBUN_ADDRESS,P_USER_NO) values (102,'상가',37.5366718,126.8849288,'서울특별시 양천구 목동동로  430 목동신시가지아파트6단지','서울특별시 양천구 목동  911',5);
Insert into RIDINGHAN.PLACE (PLACE_NO,TITLE,LATITUDE,LONGITUDE,ROAD_ADDRESS,JIBUN_ADDRESS,P_USER_NO) values (103,'목동아파트6단지',37.5349192,126.8851219,'서울특별시 양천구 목동동로  430 목동신시가지아파트6단지','서울특별시 양천구 목동  911',5);
Insert into RIDINGHAN.PLACE (PLACE_NO,TITLE,LATITUDE,LONGITUDE,ROAD_ADDRESS,JIBUN_ADDRESS,P_USER_NO) values (104,'우리은행 영등포구청지점',37.525958,126.8964189,'서울특별시 영등포구 당산로 123 영등포구청','서울특별시 영등포구 당산동3가 385-1',1);
Insert into RIDINGHAN.PLACE (PLACE_NO,TITLE,LATITUDE,LONGITUDE,ROAD_ADDRESS,JIBUN_ADDRESS,P_USER_NO) values (105,'우리은행',37.5190586,126.9081061,'서울특별시 영등포구 영등포로  240 (주)우리은행 영등포지점','서울특별시 영등포구 영등포동3가  3',1);
Insert into RIDINGHAN.PLACE (PLACE_NO,TITLE,LATITUDE,LONGITUDE,ROAD_ADDRESS,JIBUN_ADDRESS,P_USER_NO) values (106,'당산역3번출구',37.5353179,126.9028323,null,'서울특별시 영등포구 당산동6가',5);
Insert into RIDINGHAN.PLACE (PLACE_NO,TITLE,LATITUDE,LONGITUDE,ROAD_ADDRESS,JIBUN_ADDRESS,P_USER_NO) values (107,'남춘천역 경춘선(ITX)',37.8641191,127.7236779,'강원도 춘천시 영서로 2260','강원도 춘천시 퇴계동 633-2',5);
Insert into RIDINGHAN.PLACE (PLACE_NO,TITLE,LATITUDE,LONGITUDE,ROAD_ADDRESS,JIBUN_ADDRESS,P_USER_NO) values (108,'당산역',37.5349192,126.9026743,'서울특별시 영등포구 당산로  229 당산역','서울특별시 영등포구 당산동6가  323-1',5);
Insert into RIDINGHAN.PLACE (PLACE_NO,TITLE,LATITUDE,LONGITUDE,ROAD_ADDRESS,JIBUN_ADDRESS,P_USER_NO) values (109,'네이버 하비 코리아',37.5599083,126.9263457,'서울특별시 마포구 연희로 11 한국특허정보원빌딩 1층','서울특별시 마포구 동교동 146-8',5);
Insert into RIDINGHAN.PLACE (PLACE_NO,TITLE,LATITUDE,LONGITUDE,ROAD_ADDRESS,JIBUN_ADDRESS,P_USER_NO) values (110,'당산역4번출구',37.535183,126.9030987,null,'서울특별시 영등포구 당산동6가',5);
Insert into RIDINGHAN.PLACE (PLACE_NO,TITLE,LATITUDE,LONGITUDE,ROAD_ADDRESS,JIBUN_ADDRESS,P_USER_NO) values (111,'할리스커피 당산역점',37.5334823,126.9012533,'서울특별시 영등포구 당산로 219','서울특별시 영등포구 당산동5가 28',5);
Insert into RIDINGHAN.PLACE (PLACE_NO,TITLE,LATITUDE,LONGITUDE,ROAD_ADDRESS,JIBUN_ADDRESS,P_USER_NO) values (140,'유원제일2아파트',37.5334558,126.8983827,'서울특별시 영등포구 선유동2로  56 유원제일2차아파트','서울특별시 영등포구 당산동5가  7-2',4);
Insert into RIDINGHAN.PLACE (PLACE_NO,TITLE,LATITUDE,LONGITUDE,ROAD_ADDRESS,JIBUN_ADDRESS,P_USER_NO) values (113,'선유도공원',37.543418,126.90014,'서울특별시 영등포구 선유로 343','서울특별시 영등포구 양화동 95',5);
Insert into RIDINGHAN.PLACE (PLACE_NO,TITLE,LATITUDE,LONGITUDE,ROAD_ADDRESS,JIBUN_ADDRESS,P_USER_NO) values (141,'버거킹 홍대역점',37.5557499,126.9235629,'서울특별시 마포구 홍익로6길 34','서울특별시 마포구 동교동 164-31 LG팰리스 후면 1층',8);
Insert into RIDINGHAN.PLACE (PLACE_NO,TITLE,LATITUDE,LONGITUDE,ROAD_ADDRESS,JIBUN_ADDRESS,P_USER_NO) values (142,'도화현대1차',37.5399112,126.9544619,'서울특별시 마포구 새창로  52 도화동현대아파트','서울특별시 마포구 도화동  357',8);
Insert into RIDINGHAN.PLACE (PLACE_NO,TITLE,LATITUDE,LONGITUDE,ROAD_ADDRESS,JIBUN_ADDRESS,P_USER_NO) values (118,'가마로강정 당산역점',37.5331747,126.9029139,'서울특별시 영등포구 당산로 214','서울특별시 영등포구 당산동5가 42 당산 삼성 래미안 상가 101-2',0);
Insert into RIDINGHAN.PLACE (PLACE_NO,TITLE,LATITUDE,LONGITUDE,ROAD_ADDRESS,JIBUN_ADDRESS,P_USER_NO) values (119,'당서중',37.5320435,126.8983398,'서울특별시 영등포구 당산로41길  12 당산서중학교','서울특별시 영등포구 당산동5가  5',0);
Insert into RIDINGHAN.PLACE (PLACE_NO,TITLE,LATITUDE,LONGITUDE,ROAD_ADDRESS,JIBUN_ADDRESS,P_USER_NO) values (121,'당산역 2호선',37.5349277,126.9027279,'서울특별시 영등포구 당산로 229','서울특별시 영등포구 당산동6가 323-1',0);
Insert into RIDINGHAN.PLACE (PLACE_NO,TITLE,LATITUDE,LONGITUDE,ROAD_ADDRESS,JIBUN_ADDRESS,P_USER_NO) values (122,'국회의사당',37.5319169,126.9142029,'서울특별시 영등포구 의사당대로 1','서울특별시 영등포구 여의도동 1',5);
Insert into RIDINGHAN.PLACE (PLACE_NO,TITLE,LATITUDE,LONGITUDE,ROAD_ADDRESS,JIBUN_ADDRESS,P_USER_NO) values (123,'춘천역 경춘선',37.8843893,127.7166088,'강원도 춘천시 공지로 591','강원도 춘천시 근화동 190',5);
Insert into RIDINGHAN.PLACE (PLACE_NO,TITLE,LATITUDE,LONGITUDE,ROAD_ADDRESS,JIBUN_ADDRESS,P_USER_NO) values (124,'가좌역1번출구',37.5683945,126.9148575,null,'서울특별시 마포구 성산동',5);
Insert into RIDINGHAN.PLACE (PLACE_NO,TITLE,LATITUDE,LONGITUDE,ROAD_ADDRESS,JIBUN_ADDRESS,P_USER_NO) values (125,'성지고등학교',37.2722655,127.1312966,'경기도 용인시 기흥구 갈곡로12번길 13','경기도 용인시 기흥구 구갈동 599',5);
Insert into RIDINGHAN.PLACE (PLACE_NO,TITLE,LATITUDE,LONGITUDE,ROAD_ADDRESS,JIBUN_ADDRESS,P_USER_NO) values (126,'염창현대1차아이파크아파트',37.5532897,126.8754559,'서울특별시 강서구 양천로75길 57','서울특별시 강서구 염창동 288',5);
Insert into RIDINGHAN.PLACE (PLACE_NO,TITLE,LATITUDE,LONGITUDE,ROAD_ADDRESS,JIBUN_ADDRESS,P_USER_NO) values (127,'더풋샵 당산역점',37.533225,126.9022845,'서울특별시 영등포구 당산로 222 당산디오빌 B117호','서울특별시 영등포구 당산동5가 11-33',5);
Insert into RIDINGHAN.PLACE (PLACE_NO,TITLE,LATITUDE,LONGITUDE,ROAD_ADDRESS,JIBUN_ADDRESS,P_USER_NO) values (128,'여의도역 9호선',37.5218982,126.9238844,'서울특별시 영등포구 여의나루로 40 여의도역','서울특별시 영등포구 여의도동 3',5);
Insert into RIDINGHAN.PLACE (PLACE_NO,TITLE,LATITUDE,LONGITUDE,ROAD_ADDRESS,JIBUN_ADDRESS,P_USER_NO) values (129,'당산역 TIS',37.5340854,126.9015263,'서울특별시 영등포구 양평로  45-2 구두수선대51','서울특별시 영등포구 당산동5가  14-4',1);
Insert into RIDINGHAN.PLACE (PLACE_NO,TITLE,LATITUDE,LONGITUDE,ROAD_ADDRESS,JIBUN_ADDRESS,P_USER_NO) values (130,'당산역 맛집',37.5211183,126.8863235,'서울특별시 영등포구 문래북로  10-3','서울특별시 영등포구 문래동6가  29-1',1);
Insert into RIDINGHAN.PLACE (PLACE_NO,TITLE,LATITUDE,LONGITUDE,ROAD_ADDRESS,JIBUN_ADDRESS,P_USER_NO) values (131,'행신초등학교주차장',37.6220598,126.8363028,null,'경기도 고양시 덕양구 행신동',5);
Insert into RIDINGHAN.PLACE (PLACE_NO,TITLE,LATITUDE,LONGITUDE,ROAD_ADDRESS,JIBUN_ADDRESS,P_USER_NO) values (132,'동수초등학교입구',37.4845833,126.7304784,null,'인천광역시 부평구 부평동',5);
Insert into RIDINGHAN.PLACE (PLACE_NO,TITLE,LATITUDE,LONGITUDE,ROAD_ADDRESS,JIBUN_ADDRESS,P_USER_NO) values (136,'당산역 9호선',37.5338782,126.9019651,'서울특별시 영등포구 양평로 40','서울특별시 영등포구 당산동6가 227-1',4);
Insert into RIDINGHAN.PLACE (PLACE_NO,TITLE,LATITUDE,LONGITUDE,ROAD_ADDRESS,JIBUN_ADDRESS,P_USER_NO) values (138,'영등포구 구두수선대',37.5338642,126.9017516,'서울특별시 영등포구 양평로  45-2 구두수선대51','서울특별시 영등포구 당산동5가  14-4',4);
Insert into RIDINGHAN.PLACE (PLACE_NO,TITLE,LATITUDE,LONGITUDE,ROAD_ADDRESS,JIBUN_ADDRESS,P_USER_NO) values (139,'클릭지점',37.5331836,126.9066439,null,'서울특별시 영등포구 당산동6가  10-7',4);
REM INSERTING into RIDINGHAN.PLAN
SET DEFINE OFF;
Insert into RIDINGHAN.PLAN (PLAN_NO,USER_NO,PLAN_TITLE,PLAN_ABOUT,PLACE_NO,DIRECTION_NO,PLAN_WDATE,PLAN_CODE) values (25,5,'잠실나루에서 홍대까지 가실 분 구합니다(3명까지)','안녕하세요~',0,0,to_date('20/03/25','RR/MM/DD'),9);
Insert into RIDINGHAN.PLAN (PLAN_NO,USER_NO,PLAN_TITLE,PLAN_ABOUT,PLACE_NO,DIRECTION_NO,PLAN_WDATE,PLAN_CODE) values (26,5,' 서울숲 => 뚝섬한강공원','^^여자만',0,0,to_date('20/03/26','RR/MM/DD'),10);
Insert into RIDINGHAN.PLAN (PLAN_NO,USER_NO,PLAN_TITLE,PLAN_ABOUT,PLACE_NO,DIRECTION_NO,PLAN_WDATE,PLAN_CODE) values (27,0,'^^','드루와',0,0,to_date('20/03/26','RR/MM/DD'),11);
Insert into RIDINGHAN.PLAN (PLAN_NO,USER_NO,PLAN_TITLE,PLAN_ABOUT,PLACE_NO,DIRECTION_NO,PLAN_WDATE,PLAN_CODE) values (28,7,'왜안된디야','???',0,0,to_date('20/03/26','RR/MM/DD'),12);
REM INSERTING into RIDINGHAN.PLAN_INFO
SET DEFINE OFF;
Insert into RIDINGHAN.PLAN_INFO (PLAN_INFO_NO,PLAN_CODE,USER_NO,PLAN_JOIN,PLAN_QUIT) values (15,11,0,to_date('20/03/26','RR/MM/DD'),null);
Insert into RIDINGHAN.PLAN_INFO (PLAN_INFO_NO,PLAN_CODE,USER_NO,PLAN_JOIN,PLAN_QUIT) values (16,12,7,to_date('20/03/26','RR/MM/DD'),null);
Insert into RIDINGHAN.PLAN_INFO (PLAN_INFO_NO,PLAN_CODE,USER_NO,PLAN_JOIN,PLAN_QUIT) values (13,9,5,to_date('20/03/25','RR/MM/DD'),null);
Insert into RIDINGHAN.PLAN_INFO (PLAN_INFO_NO,PLAN_CODE,USER_NO,PLAN_JOIN,PLAN_QUIT) values (14,10,5,to_date('20/03/26','RR/MM/DD'),null);
REM INSERTING into RIDINGHAN.REPLY
SET DEFINE OFF;
Insert into RIDINGHAN.REPLY (REPLY_IDX,REPLY_CONTENT,REPLY_WNAME,WDATE,BOARD_IDX_FK,REPLY_ID) values (33,'추천 꾸욱~^ㅇ^','새신랑',to_date('20/03/26','RR/MM/DD'),103,'mbc369@hanmail.net');
Insert into RIDINGHAN.REPLY (REPLY_IDX,REPLY_CONTENT,REPLY_WNAME,WDATE,BOARD_IDX_FK,REPLY_ID) values (34,'^*^','민선이',to_date('20/03/26','RR/MM/DD'),103,'menthol24@naver.com');
Insert into RIDINGHAN.REPLY (REPLY_IDX,REPLY_CONTENT,REPLY_WNAME,WDATE,BOARD_IDX_FK,REPLY_ID) values (30,'신이시여;;','미노미노뀨',to_date('20/03/24','RR/MM/DD'),55,'thsalsghqkqh@gmail.com');
Insert into RIDINGHAN.REPLY (REPLY_IDX,REPLY_CONTENT,REPLY_WNAME,WDATE,BOARD_IDX_FK,REPLY_ID) values (32,'대수시여...','미노미노뀨',to_date('20/03/25','RR/MM/DD'),55,'thsalsghqkqh@gmail.com');
--------------------------------------------------------
--  DDL for Index USER_NICKNAME_UK
--------------------------------------------------------

  CREATE UNIQUE INDEX "RIDINGHAN"."USER_NICKNAME_UK" ON "RIDINGHAN"."MEMBER" ("NICKNAME") 
  PCTFREE 10 INITRANS 2 MAXTRANS 255 COMPUTE STATISTICS 
  STORAGE(INITIAL 65536 NEXT 1048576 MINEXTENTS 1 MAXEXTENTS 2147483645
  PCTINCREASE 0 FREELISTS 1 FREELIST GROUPS 1 BUFFER_POOL DEFAULT FLASH_CACHE DEFAULT CELL_FLASH_CACHE DEFAULT)
  TABLESPACE "SYSTEM" ;
--------------------------------------------------------
--  DDL for Index PK_DIRECTION
--------------------------------------------------------

  CREATE UNIQUE INDEX "RIDINGHAN"."PK_DIRECTION" ON "RIDINGHAN"."DIRECTION" ("DIRECTION_NO") 
  PCTFREE 10 INITRANS 2 MAXTRANS 255 COMPUTE STATISTICS 
  STORAGE(INITIAL 65536 NEXT 1048576 MINEXTENTS 1 MAXEXTENTS 2147483645
  PCTINCREASE 0 FREELISTS 1 FREELIST GROUPS 1 BUFFER_POOL DEFAULT FLASH_CACHE DEFAULT CELL_FLASH_CACHE DEFAULT)
  TABLESPACE "SYSTEM" ;
--------------------------------------------------------
--  DDL for Index PK_PLACE
--------------------------------------------------------

  CREATE UNIQUE INDEX "RIDINGHAN"."PK_PLACE" ON "RIDINGHAN"."PLACE" ("PLACE_NO") 
  PCTFREE 10 INITRANS 2 MAXTRANS 255 COMPUTE STATISTICS 
  STORAGE(INITIAL 65536 NEXT 1048576 MINEXTENTS 1 MAXEXTENTS 2147483645
  PCTINCREASE 0 FREELISTS 1 FREELIST GROUPS 1 BUFFER_POOL DEFAULT FLASH_CACHE DEFAULT CELL_FLASH_CACHE DEFAULT)
  TABLESPACE "SYSTEM" ;
--------------------------------------------------------
--  DDL for Index SYS_C007428
--------------------------------------------------------

  CREATE UNIQUE INDEX "RIDINGHAN"."SYS_C007428" ON "RIDINGHAN"."BOARD" ("BOARD_IDX") 
  PCTFREE 10 INITRANS 2 MAXTRANS 255 COMPUTE STATISTICS 
  STORAGE(INITIAL 65536 NEXT 1048576 MINEXTENTS 1 MAXEXTENTS 2147483645
  PCTINCREASE 0 FREELISTS 1 FREELIST GROUPS 1 BUFFER_POOL DEFAULT FLASH_CACHE DEFAULT CELL_FLASH_CACHE DEFAULT)
  TABLESPACE "SYSTEM" ;
--------------------------------------------------------
--  DDL for Index USER_USER_ID_UK
--------------------------------------------------------

  CREATE UNIQUE INDEX "RIDINGHAN"."USER_USER_ID_UK" ON "RIDINGHAN"."MEMBER" ("USER_ID") 
  PCTFREE 10 INITRANS 2 MAXTRANS 255 COMPUTE STATISTICS 
  STORAGE(INITIAL 65536 NEXT 1048576 MINEXTENTS 1 MAXEXTENTS 2147483645
  PCTINCREASE 0 FREELISTS 1 FREELIST GROUPS 1 BUFFER_POOL DEFAULT FLASH_CACHE DEFAULT CELL_FLASH_CACHE DEFAULT)
  TABLESPACE "SYSTEM" ;
--------------------------------------------------------
--  Constraints for Table CHAT
--------------------------------------------------------

  ALTER TABLE "RIDINGHAN"."CHAT" MODIFY ("CHAT_TITLE" NOT NULL ENABLE);
  ALTER TABLE "RIDINGHAN"."CHAT" MODIFY ("CHAT_WTIME" NOT NULL ENABLE);
--------------------------------------------------------
--  Constraints for Table PLAN
--------------------------------------------------------

  ALTER TABLE "RIDINGHAN"."PLAN" MODIFY ("USER_NO" NOT NULL ENABLE);
  ALTER TABLE "RIDINGHAN"."PLAN" MODIFY ("PLAN_TITLE" NOT NULL ENABLE);
  ALTER TABLE "RIDINGHAN"."PLAN" ADD PRIMARY KEY ("PLAN_NO")
  USING INDEX PCTFREE 10 INITRANS 2 MAXTRANS 255 COMPUTE STATISTICS 
  STORAGE(INITIAL 65536 NEXT 1048576 MINEXTENTS 1 MAXEXTENTS 2147483645
  PCTINCREASE 0 FREELISTS 1 FREELIST GROUPS 1 BUFFER_POOL DEFAULT FLASH_CACHE DEFAULT CELL_FLASH_CACHE DEFAULT)
  TABLESPACE "SYSTEM"  ENABLE;
  ALTER TABLE "RIDINGHAN"."PLAN" MODIFY ("PLAN_WDATE" NOT NULL ENABLE);
  ALTER TABLE "RIDINGHAN"."PLAN" MODIFY ("PLAN_ABOUT" NOT NULL ENABLE);
--------------------------------------------------------
--  Constraints for Table DIRECTION
--------------------------------------------------------

  ALTER TABLE "RIDINGHAN"."DIRECTION" MODIFY ("DIRECTION_NO" NOT NULL ENABLE);
  ALTER TABLE "RIDINGHAN"."DIRECTION" MODIFY ("PLACE_FROM" NOT NULL ENABLE);
  ALTER TABLE "RIDINGHAN"."DIRECTION" MODIFY ("PLACE_TO" NOT NULL ENABLE);
  ALTER TABLE "RIDINGHAN"."DIRECTION" MODIFY ("DISTANCE" NOT NULL ENABLE);
  ALTER TABLE "RIDINGHAN"."DIRECTION" ADD CONSTRAINT "PK_DIRECTION" PRIMARY KEY ("DIRECTION_NO")
  USING INDEX PCTFREE 10 INITRANS 2 MAXTRANS 255 COMPUTE STATISTICS 
  STORAGE(INITIAL 65536 NEXT 1048576 MINEXTENTS 1 MAXEXTENTS 2147483645
  PCTINCREASE 0 FREELISTS 1 FREELIST GROUPS 1 BUFFER_POOL DEFAULT FLASH_CACHE DEFAULT CELL_FLASH_CACHE DEFAULT)
  TABLESPACE "SYSTEM"  ENABLE;
--------------------------------------------------------
--  Constraints for Table MEMBER
--------------------------------------------------------

  ALTER TABLE "RIDINGHAN"."MEMBER" MODIFY ("USER_ID" NOT NULL ENABLE);
  ALTER TABLE "RIDINGHAN"."MEMBER" MODIFY ("PWD" NOT NULL ENABLE);
  ALTER TABLE "RIDINGHAN"."MEMBER" MODIFY ("USER_NAME" NOT NULL ENABLE);
  ALTER TABLE "RIDINGHAN"."MEMBER" MODIFY ("NICKNAME" NOT NULL ENABLE);
  ALTER TABLE "RIDINGHAN"."MEMBER" MODIFY ("STATE" NOT NULL ENABLE);
  ALTER TABLE "RIDINGHAN"."MEMBER" MODIFY ("JOINDATE" NOT NULL ENABLE);
  ALTER TABLE "RIDINGHAN"."MEMBER" ADD PRIMARY KEY ("USER_NO")
  USING INDEX PCTFREE 10 INITRANS 2 MAXTRANS 255 COMPUTE STATISTICS 
  STORAGE(INITIAL 65536 NEXT 1048576 MINEXTENTS 1 MAXEXTENTS 2147483645
  PCTINCREASE 0 FREELISTS 1 FREELIST GROUPS 1 BUFFER_POOL DEFAULT FLASH_CACHE DEFAULT CELL_FLASH_CACHE DEFAULT)
  TABLESPACE "SYSTEM"  ENABLE;
  ALTER TABLE "RIDINGHAN"."MEMBER" ADD CONSTRAINT "USER_USER_ID_UK" UNIQUE ("USER_ID")
  USING INDEX PCTFREE 10 INITRANS 2 MAXTRANS 255 COMPUTE STATISTICS 
  STORAGE(INITIAL 65536 NEXT 1048576 MINEXTENTS 1 MAXEXTENTS 2147483645
  PCTINCREASE 0 FREELISTS 1 FREELIST GROUPS 1 BUFFER_POOL DEFAULT FLASH_CACHE DEFAULT CELL_FLASH_CACHE DEFAULT)
  TABLESPACE "SYSTEM"  ENABLE;
  ALTER TABLE "RIDINGHAN"."MEMBER" ADD CONSTRAINT "USER_NICKNAME_UK" UNIQUE ("NICKNAME")
  USING INDEX PCTFREE 10 INITRANS 2 MAXTRANS 255 COMPUTE STATISTICS 
  STORAGE(INITIAL 65536 NEXT 1048576 MINEXTENTS 1 MAXEXTENTS 2147483645
  PCTINCREASE 0 FREELISTS 1 FREELIST GROUPS 1 BUFFER_POOL DEFAULT FLASH_CACHE DEFAULT CELL_FLASH_CACHE DEFAULT)
  TABLESPACE "SYSTEM"  ENABLE;
--------------------------------------------------------
--  Constraints for Table CHAT_MEMBER
--------------------------------------------------------

  ALTER TABLE "RIDINGHAN"."CHAT_MEMBER" ADD PRIMARY KEY ("CHAT_MEMBER_NO")
  USING INDEX PCTFREE 10 INITRANS 2 MAXTRANS 255 COMPUTE STATISTICS 
  STORAGE(INITIAL 65536 NEXT 1048576 MINEXTENTS 1 MAXEXTENTS 2147483645
  PCTINCREASE 0 FREELISTS 1 FREELIST GROUPS 1 BUFFER_POOL DEFAULT FLASH_CACHE DEFAULT CELL_FLASH_CACHE DEFAULT)
  TABLESPACE "SYSTEM"  ENABLE;
  ALTER TABLE "RIDINGHAN"."CHAT_MEMBER" MODIFY ("ROOM_CODE" NOT NULL ENABLE);
--------------------------------------------------------
--  Constraints for Table PLAN_INFO
--------------------------------------------------------

  ALTER TABLE "RIDINGHAN"."PLAN_INFO" MODIFY ("PLAN_CODE" NOT NULL ENABLE);
  ALTER TABLE "RIDINGHAN"."PLAN_INFO" MODIFY ("USER_NO" NOT NULL ENABLE);
  ALTER TABLE "RIDINGHAN"."PLAN_INFO" MODIFY ("PLAN_JOIN" NOT NULL ENABLE);
  ALTER TABLE "RIDINGHAN"."PLAN_INFO" ADD PRIMARY KEY ("PLAN_INFO_NO")
  USING INDEX PCTFREE 10 INITRANS 2 MAXTRANS 255 COMPUTE STATISTICS 
  STORAGE(INITIAL 65536 NEXT 1048576 MINEXTENTS 1 MAXEXTENTS 2147483645
  PCTINCREASE 0 FREELISTS 1 FREELIST GROUPS 1 BUFFER_POOL DEFAULT FLASH_CACHE DEFAULT CELL_FLASH_CACHE DEFAULT)
  TABLESPACE "SYSTEM"  ENABLE;
--------------------------------------------------------
--  Constraints for Table CAMPAIGN
--------------------------------------------------------

  ALTER TABLE "RIDINGHAN"."CAMPAIGN" ADD PRIMARY KEY ("CAMPAIGN_NO")
  USING INDEX PCTFREE 10 INITRANS 2 MAXTRANS 255 COMPUTE STATISTICS 
  STORAGE(INITIAL 65536 NEXT 1048576 MINEXTENTS 1 MAXEXTENTS 2147483645
  PCTINCREASE 0 FREELISTS 1 FREELIST GROUPS 1 BUFFER_POOL DEFAULT FLASH_CACHE DEFAULT CELL_FLASH_CACHE DEFAULT)
  TABLESPACE "SYSTEM"  ENABLE;
--------------------------------------------------------
--  Constraints for Table PLACE
--------------------------------------------------------

  ALTER TABLE "RIDINGHAN"."PLACE" MODIFY ("PLACE_NO" NOT NULL ENABLE);
  ALTER TABLE "RIDINGHAN"."PLACE" MODIFY ("LATITUDE" NOT NULL ENABLE);
  ALTER TABLE "RIDINGHAN"."PLACE" MODIFY ("LONGITUDE" NOT NULL ENABLE);
  ALTER TABLE "RIDINGHAN"."PLACE" ADD CONSTRAINT "PK_PLACE" PRIMARY KEY ("PLACE_NO")
  USING INDEX PCTFREE 10 INITRANS 2 MAXTRANS 255 COMPUTE STATISTICS 
  STORAGE(INITIAL 65536 NEXT 1048576 MINEXTENTS 1 MAXEXTENTS 2147483645
  PCTINCREASE 0 FREELISTS 1 FREELIST GROUPS 1 BUFFER_POOL DEFAULT FLASH_CACHE DEFAULT CELL_FLASH_CACHE DEFAULT)
  TABLESPACE "SYSTEM"  ENABLE;
--------------------------------------------------------
--  Constraints for Table BOARD
--------------------------------------------------------

  ALTER TABLE "RIDINGHAN"."BOARD" MODIFY ("BOARD_TITLE" NOT NULL ENABLE);
  ALTER TABLE "RIDINGHAN"."BOARD" MODIFY ("BOARD_USER_NO" NOT NULL ENABLE);
  ALTER TABLE "RIDINGHAN"."BOARD" ADD PRIMARY KEY ("BOARD_IDX")
  USING INDEX PCTFREE 10 INITRANS 2 MAXTRANS 255 COMPUTE STATISTICS 
  STORAGE(INITIAL 65536 NEXT 1048576 MINEXTENTS 1 MAXEXTENTS 2147483645
  PCTINCREASE 0 FREELISTS 1 FREELIST GROUPS 1 BUFFER_POOL DEFAULT FLASH_CACHE DEFAULT CELL_FLASH_CACHE DEFAULT)
  TABLESPACE "SYSTEM"  ENABLE;
--------------------------------------------------------
--  Ref Constraints for Table CHAT
--------------------------------------------------------

  ALTER TABLE "RIDINGHAN"."CHAT" ADD CONSTRAINT "CHAT_FK1" FOREIGN KEY ("CHAT_USER_NO")
	  REFERENCES "RIDINGHAN"."MEMBER" ("USER_NO") ENABLE;
--------------------------------------------------------
--  Ref Constraints for Table CHAT_MEMBER
--------------------------------------------------------

  ALTER TABLE "RIDINGHAN"."CHAT_MEMBER" ADD FOREIGN KEY ("PLAN_NO")
	  REFERENCES "RIDINGHAN"."PLAN" ("PLAN_NO") ENABLE;
